id,Facility_Name,Business_Type,Registration_Number,License_Status,Rel,First Name,Last Name,email,,branch_id,business_id,user_id,Password
5899,SAMZAN PHARMA,RETAIL,PPB/S/9003,Status: Active,MjcwMTA=,Winny,Nthenya,winny.nthenya23@gmail.com,,2316,2500,3568,"$argon2i$v=19$m=16,t=2,p=1$bGFiVFNkNkl6YldhMEZ2Mg$KoO4yuR++bGwD7EviELL+Q"
4899,NYAKOE CHEMIST CO - HOSPITAL ROAD LTD,RETAIL,PPB/N/1560,Status: Active,Mjk2Nzc=,Samwel,Okello,samwel.okello34@gmail.com,,2317,2501,3569,"$argon2i$v=19$m=16,t=2,p=1$bGFiVFNkNkl6YldhMEZ2Mg$KoO4yuR++bGwD7EviELL+Q"
6279,STAY HEALTHY PHARMACY,RETAIL,PPB/S/9237,Status: Active,MzA0MDM=,Hellen,Kirimi,hellen.kirimi97@gmail.com,,2318,2502,3570,"$argon2i$v=19$m=16,t=2,p=1$bGFiVFNkNkl6YldhMEZ2Mg$KoO4yuR++bGwD7EviELL+Q"
6477,TETHELL PHARMACY MATHARE,RETAIL,PPB/T/5791,Status: Active,MjkyODY=,Zacharia,Macharia,zacharia.macharia95@gmail.com,,2319,2503,3571,"$argon2i$v=19$m=16,t=2,p=1$bGFiVFNkNkl6YldhMEZ2Mg$KoO4yuR++bGwD7EviELL+Q"
6309,SUKEYNA PHARMACEUTICAL LTD,RETAIL,PPB/S/9150,Status: Active,Mjg5NzU=,Mohamedamin,Ndwiga,mohamedamin.ndwiga89@gmail.com,,2320,2504,3572,"$argon2i$v=19$m=16,t=2,p=1$bGFiVFNkNkl6YldhMEZ2Mg$KoO4yuR++bGwD7EviELL+Q"
6631,TOP CARE CHEMIST,RETAIL,PPB/T/5703,Status: REVOKED,MjcyNjI=,Philemon,Nkatha,philemon.nkatha26@gmail.com,,2321,2505,3573,"$argon2i$v=19$m=16,t=2,p=1$bGFiVFNkNkl6YldhMEZ2Mg$KoO4yuR++bGwD7EviELL+Q"
3822,MAMBIA PHARMACY,RETAIL,PPB/M/9675,Status: Active,Mjg5NTE=,Kipkemoi,Ndambuki,kipkemoi.ndambuki76@gmail.com,,2322,2506,3574,"$argon2i$v=19$m=16,t=2,p=1$bGFiVFNkNkl6YldhMEZ2Mg$KoO4yuR++bGwD7EviELL+Q"
3660,LUCKYBAR PHARMACY,RETAIL,PPB/L/9770,Status: Active,MjcxNjI=,Stacy,Aoko,stacy.aoko3@gmail.com,,2323,2507,3575,"$argon2i$v=19$m=16,t=2,p=1$bGFiVFNkNkl6YldhMEZ2Mg$KoO4yuR++bGwD7EviELL+Q"
7059,WESTWELL PHARMACY,RETAIL,PPB/W/7430,Status: Active,MjgzMTg=,Ali,Jeptoo,ali.jeptoo42@gmail.com,,2324,2508,3576,"$argon2i$v=19$m=16,t=2,p=1$bGFiVFNkNkl6YldhMEZ2Mg$KoO4yuR++bGwD7EviELL+Q"
5912,SANKAA PHARMACY,RETAIL,PPB/S/9114,Status: Active,MjgzNzM=,Stanley,Imali,stanley.imali33@gmail.com,,2325,2509,3577,"$argon2i$v=19$m=16,t=2,p=1$bGFiVFNkNkl6YldhMEZ2Mg$KoO4yuR++bGwD7EviELL+Q"
6739,TSALACH PHARMACY,RETAIL,PPB/T/5739,Status: Active,Mjc5NzU=,Mutinda,Kiplagat,mutinda.kiplagat65@gmail.com,,2326,2510,3578,"$argon2i$v=19$m=16,t=2,p=1$bGFiVFNkNkl6YldhMEZ2Mg$KoO4yuR++bGwD7EviELL+Q"
3730,MAESIO PHARMACEUTICAL OUTER-RING ROAD,RETAIL,PPB/M/9689,Status: Active,MjkwOTU=,Mwaura,Mutahi,mwaura.mutahi23@gmail.com,,2327,2511,3579,"$argon2i$v=19$m=16,t=2,p=1$bGFiVFNkNkl6YldhMEZ2Mg$KoO4yuR++bGwD7EviELL+Q"
5823,SAITO CHEMIST -,RETAIL,PPB/S/8997,Status: Active,MjY5MzY=,Lucas,Koech,lucas.koech32@gmail.com,,2328,2512,3580,"$argon2i$v=19$m=16,t=2,p=1$bGFiVFNkNkl6YldhMEZ2Mg$KoO4yuR++bGwD7EviELL+Q"
6950,WALEGI CHEMIST,RETAIL,PPB/W/7440,Status: Active,Mjg5MjA=,Oloo,Kipleting,oloo.kipleting64@gmail.com,,2329,2513,3581,"$argon2i$v=19$m=16,t=2,p=1$bGFiVFNkNkl6YldhMEZ2Mg$KoO4yuR++bGwD7EviELL+Q"
6533,THE NAQSH MEDICAL AND SURGICAL SUPPLIES LIMITED,RETAIL,PPB/T/5724,Status: Active,Mjc3MzM=,Edgar,Wangila,edgar.wangila3@gmail.com,,2330,2514,3582,"$argon2i$v=19$m=16,t=2,p=1$bGFiVFNkNkl6YldhMEZ2Mg$KoO4yuR++bGwD7EviELL+Q"
7039,WERII CHEMIST,RETAIL,PPB/W/7436,Status: Active,Mjg2NjA=,Wycliff,Ayieko,wycliff.ayieko39@gmail.com,,2331,2515,3583,"$argon2i$v=19$m=16,t=2,p=1$bGFiVFNkNkl6YldhMEZ2Mg$KoO4yuR++bGwD7EviELL+Q"
5678,ROLLINHAM,RETAIL,PPB/R/1367,Status: Active,Mjk4MjE=,Njoki,Mukiri,njoki.mukiri73@gmail.com,,2332,2516,3584,"$argon2i$v=19$m=16,t=2,p=1$bGFiVFNkNkl6YldhMEZ2Mg$KoO4yuR++bGwD7EviELL+Q"
6882,VICRAHAM PHARMACY,RETAIL,PPB/V/402,Status: Active,Mjg2NTU=,Lameck,Muthami,lameck.muthami49@gmail.com,,2333,2517,3585,"$argon2i$v=19$m=16,t=2,p=1$bGFiVFNkNkl6YldhMEZ2Mg$KoO4yuR++bGwD7EviELL+Q"
5785,SAAYNEX PHARMACY LIMITED,RETAIL,PPB/S/9070,Status: Active,Mjc4NDE=,Priscillah,Nafula,priscillah.nafula98@gmail.com,,2334,2518,3586,"$argon2i$v=19$m=16,t=2,p=1$bGFiVFNkNkl6YldhMEZ2Mg$KoO4yuR++bGwD7EviELL+Q"
3609,LIVEN VENTURES LIMITED,RETAIL,PPB/L/9874,Status: Active,MzAyOTk=,Daud,Osman,daud.osman18@gmail.com,,2335,2519,3587,"$argon2i$v=19$m=16,t=2,p=1$bGFiVFNkNkl6YldhMEZ2Mg$KoO4yuR++bGwD7EviELL+Q"
6529,THE MINUT PHARMACY,RETAIL,PPB/T/5834,Status: Active,MzA0MDU=,Jepchirchir,Muigai,jepchirchir.muigai76@gmail.com,,2336,2520,3588,"$argon2i$v=19$m=16,t=2,p=1$bGFiVFNkNkl6YldhMEZ2Mg$KoO4yuR++bGwD7EviELL+Q"
3958,MAXLIFE PHARMACY LIMITED,RETAIL,PPB/M/9652,Status: Active,Mjg3NDI=,Rodgers,Waweru,rodgers.waweru24@gmail.com,,2337,2521,3589,"$argon2i$v=19$m=16,t=2,p=1$bGFiVFNkNkl6YldhMEZ2Mg$KoO4yuR++bGwD7EviELL+Q"
5682,ROMA CHEMIST,RETAIL,PPB/R/1334,Status: Active,Mjg5NjE=,Jelagat,Mwita,jelagat.mwita1@gmail.com,,2338,2522,3590,"$argon2i$v=19$m=16,t=2,p=1$bGFiVFNkNkl6YldhMEZ2Mg$KoO4yuR++bGwD7EviELL+Q"
5780,RYAMED PHARMACY,RETAIL,PPB/R/1326,Status: Active,Mjg3OTE=,Kiprono,Alio,kiprono.alio44@gmail.com,,2339,2523,3591,"$argon2i$v=19$m=16,t=2,p=1$bGFiVFNkNkl6YldhMEZ2Mg$KoO4yuR++bGwD7EviELL+Q"
4668,NEEMA NGURUMBANI PHARMACEUTICALS,RETAIL,PPB/N/1548,Status: Active,MjkzMjk=,Muriithi,Sang,muriithi.sang44@gmail.com,,2340,2524,3592,"$argon2i$v=19$m=16,t=2,p=1$bGFiVFNkNkl6YldhMEZ2Mg$KoO4yuR++bGwD7EviELL+Q"
5307,PILL POINT PHARMACY,RETAIL,PPB/P/2228,Status: Active,MjY4NDY=,Moraa,Muya,moraa.muya32@gmail.com,,2341,2525,3593,"$argon2i$v=19$m=16,t=2,p=1$bGFiVFNkNkl6YldhMEZ2Mg$KoO4yuR++bGwD7EviELL+Q"
6172,SOACHEM PHARMACY,RETAIL,PPB/S/9148,Status: Active,Mjg5MzY=,Cleophas,Nzioka,cleophas.nzioka70@gmail.com,,2342,2526,3594,"$argon2i$v=19$m=16,t=2,p=1$bGFiVFNkNkl6YldhMEZ2Mg$KoO4yuR++bGwD7EviELL+Q"
4678,NELAPHARM LTD DOWNTOWN,RETAIL,PPB/N/1535,Status: Active,MjkxNTg=,Habiba,Kiprop,habiba.kiprop2@gmail.com,,2343,2527,3595,"$argon2i$v=19$m=16,t=2,p=1$bGFiVFNkNkl6YldhMEZ2Mg$KoO4yuR++bGwD7EviELL+Q"
6858,VANGA WARD CHEMIST,RETAIL,PPB/V/410,Status: Active,MjkyODQ=,Dorcas,Ruto,dorcas.ruto81@gmail.com,,2344,2528,3596,"$argon2i$v=19$m=16,t=2,p=1$bGFiVFNkNkl6YldhMEZ2Mg$KoO4yuR++bGwD7EviELL+Q"
5283,PHELMA PHARMACY,RETAIL,PPB/P/2203,Status: Active,MjYyNzg=,Jamila,Kawira,jamila.kawira94@gmail.com,,2345,2529,3597,"$argon2i$v=19$m=16,t=2,p=1$bGFiVFNkNkl6YldhMEZ2Mg$KoO4yuR++bGwD7EviELL+Q"
5393,PRUDAN PHARMACY- KAHAWA WEST,RETAIL,PPB/P/2235,Status: Active,MjcwNjA=,Josephine,Mwathi,josephine.mwathi80@gmail.com,,2346,2530,3598,"$argon2i$v=19$m=16,t=2,p=1$bGFiVFNkNkl6YldhMEZ2Mg$KoO4yuR++bGwD7EviELL+Q"
6455,TECPHARM PHARMACY,RETAIL,PPB/T/5727,Status: Active,Mjc3NTY=,Wamalwa,Muraguri,wamalwa.muraguri80@gmail.com,,2347,2531,3599,"$argon2i$v=19$m=16,t=2,p=1$bGFiVFNkNkl6YldhMEZ2Mg$KoO4yuR++bGwD7EviELL+Q"
5706,ROSAPHARM CHEMIST,RETAIL,PPB/R/1247,Status: Active,MjY5OTM=,Andrew,Samson,andrew.samson62@gmail.com,,2348,2532,3600,"$argon2i$v=19$m=16,t=2,p=1$bGFiVFNkNkl6YldhMEZ2Mg$KoO4yuR++bGwD7EviELL+Q"
6487,TF PHARMACY-JUJA,RETAIL,PPB/T/5843,Status: Active,MzA1MTA=,Anna,Wangila,anna.wangila97@gmail.com,,2349,2533,3601,"$argon2i$v=19$m=16,t=2,p=1$bGFiVFNkNkl6YldhMEZ2Mg$KoO4yuR++bGwD7EviELL+Q"
3518,LIFE TOUCH PHARMACY,RETAIL,PPB/L/9819,Status: REVOKED,Mjg2MzA=,Jimale,Kinuthia,jimale.kinuthia5@gmail.com,,2350,2534,3602,"$argon2i$v=19$m=16,t=2,p=1$bGFiVFNkNkl6YldhMEZ2Mg$KoO4yuR++bGwD7EviELL+Q"
6009,SHANICHEM CHEMIST,RETAIL,PPB/S/9112,Status: Active,MjgzNDI=,Paul,Kariuki,paul.kariuki36@gmail.com,,2351,2535,3603,"$argon2i$v=19$m=16,t=2,p=1$bGFiVFNkNkl6YldhMEZ2Mg$KoO4yuR++bGwD7EviELL+Q"
4551,MYGLOW SECRET LIMITED,RETAIL,PPB/M/9750,Status: Active,Mjk4MDM=,Nyanchama,Nyaboke,nyanchama.nyaboke59@gmail.com,,2352,2536,3604,"$argon2i$v=19$m=16,t=2,p=1$bGFiVFNkNkl6YldhMEZ2Mg$KoO4yuR++bGwD7EviELL+Q"
5149,PETHEALTH CHEMIST,RETAIL,PPB/P/4860,Status: Active,Mjg5OTQ=,Moses,Oketch,moses.oketch70@gmail.com,,2353,2537,3605,"$argon2i$v=19$m=16,t=2,p=1$bGFiVFNkNkl6YldhMEZ2Mg$KoO4yuR++bGwD7EviELL+Q"
5967,SELFCHECK  PHARMACY,RETAIL,PPB/S/9012,Status: Active,MjcxNjQ=,Abdirizack,Muli,abdirizack.muli30@gmail.com,,2354,2538,3606,"$argon2i$v=19$m=16,t=2,p=1$bGFiVFNkNkl6YldhMEZ2Mg$KoO4yuR++bGwD7EviELL+Q"
5222,PHARMAPLUS PHARMACEUTICALS LTD-NAIVAS KAHAWA SUKARI,RETAIL,PPB/P/4878,Status: Active,Mjk1Nzg=,Eugine,Muturi,eugine.muturi5@gmail.com,,2355,2539,3607,"$argon2i$v=19$m=16,t=2,p=1$bGFiVFNkNkl6YldhMEZ2Mg$KoO4yuR++bGwD7EviELL+Q"
3784,MALAL PHARAMCY,RETAIL,PPB/M/9788,Status: Active,MzA1ODA=,Joel,Wekesa,joel.wekesa90@gmail.com,,2356,2540,3608,"$argon2i$v=19$m=16,t=2,p=1$bGFiVFNkNkl6YldhMEZ2Mg$KoO4yuR++bGwD7EviELL+Q"
4064,MEDILEEN PHARMACEUTICALS,RETAIL,PPB/M/9432,Status: Active,MjY1ODI=,Norah,Chepkoech,norah.chepkoech14@gmail.com,,2357,2541,3609,"$argon2i$v=19$m=16,t=2,p=1$bGFiVFNkNkl6YldhMEZ2Mg$KoO4yuR++bGwD7EviELL+Q"
4582,NAILA PHARM,RETAIL,PPB/N/1540,Status: Active,MjkyMjA=,Adow,Wanjau,adow.wanjau45@gmail.com,,2358,2542,3610,"$argon2i$v=19$m=16,t=2,p=1$bGFiVFNkNkl6YldhMEZ2Mg$KoO4yuR++bGwD7EviELL+Q"
4942,OAK SPRING HEALTHCARE,RETAIL,PPB/O/1089,Status: Active,Mjg2Mzg=,Prisca,Kimanthi,prisca.kimanthi12@gmail.com,,2359,2543,3611,"$argon2i$v=19$m=16,t=2,p=1$bGFiVFNkNkl6YldhMEZ2Mg$KoO4yuR++bGwD7EviELL+Q"
3991,MCGREENS PHARMACY GILGIL,RETAIL,PPB/M/9691,Status: Active,MjkxMjk=,Hawo,Munguti,hawo.munguti95@gmail.com,,2360,2544,3612,"$argon2i$v=19$m=16,t=2,p=1$bGFiVFNkNkl6YldhMEZ2Mg$KoO4yuR++bGwD7EviELL+Q"
5477,RANCHO  PHARMACY,RETAIL,PPB/R/1246,Status: Active,MjY5NjM=,Annet,Ombasa,annet.ombasa92@gmail.com,,2361,2545,3613,"$argon2i$v=19$m=16,t=2,p=1$bGFiVFNkNkl6YldhMEZ2Mg$KoO4yuR++bGwD7EviELL+Q"
4058,MEDIJAS CHEMIST,RETAIL,PPB/M/9462,Status: Active,MjY4Mjc=,Rael,Kananu,rael.kananu84@gmail.com,,2362,2546,3614,"$argon2i$v=19$m=16,t=2,p=1$bGFiVFNkNkl6YldhMEZ2Mg$KoO4yuR++bGwD7EviELL+Q"
6568,THOMSON & THOMSON PHARMACY LTD - LAVINGTON,RETAIL,PPB/D/3278,Status: Active,Mjg3NTg=,Allan,Nasimiyu,allan.nasimiyu12@gmail.com,,2363,2547,3615,"$argon2i$v=19$m=16,t=2,p=1$bGFiVFNkNkl6YldhMEZ2Mg$KoO4yuR++bGwD7EviELL+Q"
3857,MARCIA PHARMACY.,RETAIL,PPB/M/9768,Status: Active,MzAyMjY=,Wachira,Gathogo,wachira.gathogo13@gmail.com,,2364,2548,3616,"$argon2i$v=19$m=16,t=2,p=1$bGFiVFNkNkl6YldhMEZ2Mg$KoO4yuR++bGwD7EviELL+Q"
6719,TRIO WELLNESS,RETAIL,PPB/T/5756,Status: Active,Mjg0MTE=,Felista,Saitoti,felista.saitoti67@gmail.com,,2365,2549,3617,"$argon2i$v=19$m=16,t=2,p=1$bGFiVFNkNkl6YldhMEZ2Mg$KoO4yuR++bGwD7EviELL+Q"
4621,NARCHAR HEALTHCARE LIMITED,RETAIL,PPB/N/1297,Status: Active,MjczNzM=,Rabecca,Mutisya,rabecca.mutisya89@gmail.com,,2366,2550,3618,"$argon2i$v=19$m=16,t=2,p=1$bGFiVFNkNkl6YldhMEZ2Mg$KoO4yuR++bGwD7EviELL+Q"
4110,MEDITEX PHARMACY,RETAIL,PPB/M/9651,Status: Active,Mjg3MzY=,Samwel,Ngei,samwel.ngei66@gmail.com,,2367,2551,3619,"$argon2i$v=19$m=16,t=2,p=1$bGFiVFNkNkl6YldhMEZ2Mg$KoO4yuR++bGwD7EviELL+Q"
5650,ROBEL CHEMIST,RETAIL,PPB/R/1310,Status: Active,MjgzOTE=,Mumo,Musembi,mumo.musembi71@gmail.com,,2368,2552,3620,"$argon2i$v=19$m=16,t=2,p=1$bGFiVFNkNkl6YldhMEZ2Mg$KoO4yuR++bGwD7EviELL+Q"
4944,OAKLANE PHARMACY LTD,RETAIL,PPB/O/1090,Status: Active,Mjg2NDU=,Bishar,Wainaina,bishar.wainaina24@gmail.com,,2369,2553,3621,"$argon2i$v=19$m=16,t=2,p=1$bGFiVFNkNkl6YldhMEZ2Mg$KoO4yuR++bGwD7EviELL+Q"
5072,PANDE RETAIL -PHARMACY,RETAIL,PPB/P/4849,Status: Active,Mjg3Mzk=,Gitonga,Macharia,gitonga.macharia80@gmail.com,,2370,2554,3622,"$argon2i$v=19$m=16,t=2,p=1$bGFiVFNkNkl6YldhMEZ2Mg$KoO4yuR++bGwD7EviELL+Q"
4767,NICHOLANN CHEMIST,RETAIL,PPB/N/1581,Status: Active,MzAyMjU=,Muturi,Kimathi,muturi.kimathi79@gmail.com,,2371,2555,3623,"$argon2i$v=19$m=16,t=2,p=1$bGFiVFNkNkl6YldhMEZ2Mg$KoO4yuR++bGwD7EviELL+Q"
6821,UPRIGHT CHEMIST,RETAIL,PPB/U/9480,Status: Active,MjY2ODg=,Harrison,Keitany,harrison.keitany68@gmail.com,,2372,2556,3624,"$argon2i$v=19$m=16,t=2,p=1$bGFiVFNkNkl6YldhMEZ2Mg$KoO4yuR++bGwD7EviELL+Q"
6880,VEXELIS PHARMACEUTICALS LIMITED,RETAIL,PPB/V/422,Status: Active,Mjk5NTg=,Kelvin,Oduori,kelvin.oduori61@gmail.com,,2373,2557,3625,"$argon2i$v=19$m=16,t=2,p=1$bGFiVFNkNkl6YldhMEZ2Mg$KoO4yuR++bGwD7EviELL+Q"
4183,MEJAMED CHEMIST,RETAIL,PPB/M/9659,Status: Active,Mjg4MDk=,Cherop,Ochieng,cherop.ochieng19@gmail.com,,2374,2558,3626,"$argon2i$v=19$m=16,t=2,p=1$bGFiVFNkNkl6YldhMEZ2Mg$KoO4yuR++bGwD7EviELL+Q"
3967,MAYAS PHARMACEUTICALS LIMITED,RETAIL,PPB/M/9564,Status: Active,Mjc3Mjg=,Sam,Nzisa,sam.nzisa68@gmail.com,,2375,2559,3627,"$argon2i$v=19$m=16,t=2,p=1$bGFiVFNkNkl6YldhMEZ2Mg$KoO4yuR++bGwD7EviELL+Q"
7114,WONI WITU,RETAIL,PPB/W/7448,Status: Active,MjkzNjk=,Oliver,Wabomba,oliver.wabomba14@gmail.com,,2376,2560,3628,"$argon2i$v=19$m=16,t=2,p=1$bGFiVFNkNkl6YldhMEZ2Mg$KoO4yuR++bGwD7EviELL+Q"
4375,MOONBRIGHT CHEMIST-KERICHO,RETAIL,PPB/M/9677,Status: Active,Mjg5Nzk=,Simon,Ahmed,simon.ahmed22@gmail.com,,2377,2561,3629,"$argon2i$v=19$m=16,t=2,p=1$bGFiVFNkNkl6YldhMEZ2Mg$KoO4yuR++bGwD7EviELL+Q"
3538,LIFEMED PHARMACY ROSE AVENUE,RETAIL,PPB/L/9791,Status: Active,Mjc2OTM=,Morine,Musimbi,morine.musimbi67@gmail.com,,2378,2562,3630,"$argon2i$v=19$m=16,t=2,p=1$bGFiVFNkNkl6YldhMEZ2Mg$KoO4yuR++bGwD7EviELL+Q"
6599,TILAK PHARMACY,RETAIL,PPB/T/5792,Status: Active,MjkzODE=,Abigael,Abdiaziz,abigael.abdiaziz16@gmail.com,,2379,2563,3631,"$argon2i$v=19$m=16,t=2,p=1$bGFiVFNkNkl6YldhMEZ2Mg$KoO4yuR++bGwD7EviELL+Q"
4243,MEWAKI PHARMACEUTICALS LIMITED,RETAIL,PPB/M/9676,Status: REVOKED,Mjg5NjU=,Barasa,Benard,barasa.benard58@gmail.com,,2380,2564,3632,"$argon2i$v=19$m=16,t=2,p=1$bGFiVFNkNkl6YldhMEZ2Mg$KoO4yuR++bGwD7EviELL+Q"
6721,TRIOPLUS PHARMA LIMITED,RETAIL,PPB/T/5838,Status: Active,MzA0ODA=,Faith,Kennedy,faith.kennedy84@gmail.com,,2381,2565,3633,"$argon2i$v=19$m=16,t=2,p=1$bGFiVFNkNkl6YldhMEZ2Mg$KoO4yuR++bGwD7EviELL+Q"
5173,PHARMACITY PHARMACEUTICALS LIMITED- NKRUMAH,RETAIL,PPB/P/4863,Status: REVOKED,MjkwMjU=,Muthoka,Gichana,muthoka.gichana91@gmail.com,,2382,2566,3634,"$argon2i$v=19$m=16,t=2,p=1$bGFiVFNkNkl6YldhMEZ2Mg$KoO4yuR++bGwD7EviELL+Q"
4538,MWETHI AND COMPANY CHEMIST LTD,RETAIL,PPB/M/9623,Status: Active,Mjg0NDQ=,Noah,Ogada,noah.ogada40@gmail.com,,2383,2567,3635,"$argon2i$v=19$m=16,t=2,p=1$bGFiVFNkNkl6YldhMEZ2Mg$KoO4yuR++bGwD7EviELL+Q"
4868,NORTHMED CHEMIST,RETAIL,PPB/N/1550,Status: Active,MjkzNjQ=,Ali,Ndolo,ali.ndolo9@gmail.com,,2384,2568,3636,"$argon2i$v=19$m=16,t=2,p=1$bGFiVFNkNkl6YldhMEZ2Mg$KoO4yuR++bGwD7EviELL+Q"
4703,NETALA LIMITED,RETAIL,PPB/N/1503,Status: Active,MjgyMDU=,Sumeya,Gacheri,sumeya.gacheri73@gmail.com,,2385,2569,3637,"$argon2i$v=19$m=16,t=2,p=1$bGFiVFNkNkl6YldhMEZ2Mg$KoO4yuR++bGwD7EviELL+Q"
6904,VINLAND MEDICAL CLINIC AND PHARMACY,RETAIL,PPB/V/421,Status: Active,Mjk5MjY=,Flora,Mwalimu,flora.mwalimu99@gmail.com,,2386,2570,3638,"$argon2i$v=19$m=16,t=2,p=1$bGFiVFNkNkl6YldhMEZ2Mg$KoO4yuR++bGwD7EviELL+Q"
3960,MAXMA PHARMACY LTD,RETAIL,PPB/M/9583,Status: Active,MjgwNDM=,Korir,Ngeno,korir.ngeno40@gmail.com,,2387,2571,3639,"$argon2i$v=19$m=16,t=2,p=1$bGFiVFNkNkl6YldhMEZ2Mg$KoO4yuR++bGwD7EviELL+Q"
3465,LEKAN FAMILY PHARMACY LIMITED,RETAIL,PPB/L/9867,Status: Active,MzAxMzg=,Isaiah,Mongare,isaiah.mongare38@gmail.com,,2388,2572,3640,"$argon2i$v=19$m=16,t=2,p=1$bGFiVFNkNkl6YldhMEZ2Mg$KoO4yuR++bGwD7EviELL+Q"
4358,MOLO HIGHWAY PHARMACY,RETAIL,PPB/M/9541,Status: Active,Mjc1NDk=,Dolphine,Gikonyo,dolphine.gikonyo78@gmail.com,,2389,2573,3641,"$argon2i$v=19$m=16,t=2,p=1$bGFiVFNkNkl6YldhMEZ2Mg$KoO4yuR++bGwD7EviELL+Q"
5414,QUANTUM X PHARMACEUTICALS LIMITED.,RETAIL,PPB/Q/101,Status: Active,Mjg4MjE=,Nafula,Ndinda,nafula.ndinda14@gmail.com,,2390,2574,3642,"$argon2i$v=19$m=16,t=2,p=1$bGFiVFNkNkl6YldhMEZ2Mg$KoO4yuR++bGwD7EviELL+Q"
4280,MILELE BETADAY CHEMIST,RETAIL,PPB/M/9657,Status: Active,Mjg4MDE=,Teresa,Okemwa,teresa.okemwa35@gmail.com,,2391,2575,3643,"$argon2i$v=19$m=16,t=2,p=1$bGFiVFNkNkl6YldhMEZ2Mg$KoO4yuR++bGwD7EviELL+Q"
7133,YANAH PHARMACEUTICAL LTD-KAHAWA,RETAIL,PPB/Y/63,Status: Active,MjY5Mzk=,Kipngetich,Karanja,kipngetich.karanja14@gmail.com,,2392,2576,3644,"$argon2i$v=19$m=16,t=2,p=1$bGFiVFNkNkl6YldhMEZ2Mg$KoO4yuR++bGwD7EviELL+Q"
6122,SITTA AVENUE PHARMACEUTICALS,RETAIL,PPB/S/9051,Status: Active,Mjc2Mjc=,Aftin,Kaberia,aftin.kaberia80@gmail.com,,2393,2577,3645,"$argon2i$v=19$m=16,t=2,p=1$bGFiVFNkNkl6YldhMEZ2Mg$KoO4yuR++bGwD7EviELL+Q"
4017,MEDELIVEY PHARMACY - KIRWARA,RETAIL,PPB/M/9769,Status: Active,MzAyMjk=,Nyambura,Kogo,nyambura.kogo20@gmail.com,,2394,2578,3646,"$argon2i$v=19$m=16,t=2,p=1$bGFiVFNkNkl6YldhMEZ2Mg$KoO4yuR++bGwD7EviELL+Q"
4883,NTHONGONI PHARMACY,RETAIL,PPB/N/1561,Status: Active,Mjk3MTI=,Waithera,Mwathi,waithera.mwathi18@gmail.com,,2395,2579,3647,"$argon2i$v=19$m=16,t=2,p=1$bGFiVFNkNkl6YldhMEZ2Mg$KoO4yuR++bGwD7EviELL+Q"
5496,RAPIDMEDS PHARMACY,RETAIL,PPB/R/1339,Status: Active,MjkxMDA=,Oloo,Kombe,oloo.kombe64@gmail.com,,2396,2580,3648,"$argon2i$v=19$m=16,t=2,p=1$bGFiVFNkNkl6YldhMEZ2Mg$KoO4yuR++bGwD7EviELL+Q"
6941,WAITA LIFECARE CHEMIST,RETAIL,PPB/W/7441,Status: Active,MjkwOTg=,Gesare,Muchiri,gesare.muchiri30@gmail.com,,2397,2581,3649,"$argon2i$v=19$m=16,t=2,p=1$bGFiVFNkNkl6YldhMEZ2Mg$KoO4yuR++bGwD7EviELL+Q"
6900,VINBY PHARMACY,RETAIL,PPB/V/407,Status: Active,Mjg5OTc=,Elijah,Wanyonyi,elijah.wanyonyi10@gmail.com,,2398,2582,3650,"$argon2i$v=19$m=16,t=2,p=1$bGFiVFNkNkl6YldhMEZ2Mg$KoO4yuR++bGwD7EviELL+Q"
3819,MALUAL PHARMACY,RETAIL,PPB/M/9723,Status: Active,Mjk0OTM=,Masika,Kipngetich,masika.kipngetich17@gmail.com,,2399,2583,3651,"$argon2i$v=19$m=16,t=2,p=1$bGFiVFNkNkl6YldhMEZ2Mg$KoO4yuR++bGwD7EviELL+Q"
6920,VITAL PHARMACEUTICALS LIMITED-SOUTHLANDS,RETAIL,PPB/V/418,Status: Active,Mjk2NDk=,Karanja,Jelle,karanja.jelle43@gmail.com,,2400,2584,3652,"$argon2i$v=19$m=16,t=2,p=1$bGFiVFNkNkl6YldhMEZ2Mg$KoO4yuR++bGwD7EviELL+Q"
3802,MALIBU PHARMACY LTD-  NYALI LINKS ARCADE,RETAIL,PPB/M/9595,Status: Active,MjgyMTU=,Teresia,Mbuvi,teresia.mbuvi32@gmail.com,,2401,2585,3653,"$argon2i$v=19$m=16,t=2,p=1$bGFiVFNkNkl6YldhMEZ2Mg$KoO4yuR++bGwD7EviELL+Q"
6090,SILVER CLOUD PHARMACY,RETAIL,PPB/S/9188,Status: Active,Mjk2NDM=,Prudence,Nasambu,prudence.nasambu9@gmail.com,,2402,2586,3654,"$argon2i$v=19$m=16,t=2,p=1$bGFiVFNkNkl6YldhMEZ2Mg$KoO4yuR++bGwD7EviELL+Q"
6544,THE SHALEN PHARMACY,RETAIL,PPB/T/5698,Status: Active,MjcxNDE=,Kahindi,Chepkurui,kahindi.chepkurui20@gmail.com,,2403,2587,3655,"$argon2i$v=19$m=16,t=2,p=1$bGFiVFNkNkl6YldhMEZ2Mg$KoO4yuR++bGwD7EviELL+Q"
6908,VINTAPHARM CHEMIST,RETAIL,PPB/V/408,Status: Active,MjkwMjA=,Norah,Kipchirchir,norah.kipchirchir27@gmail.com,,2404,2588,3656,"$argon2i$v=19$m=16,t=2,p=1$bGFiVFNkNkl6YldhMEZ2Mg$KoO4yuR++bGwD7EviELL+Q"
5945,SCEPTERS PHARMAS,RETAIL,PPB/S/9018,Status: Active,MjcyNDU=,Evance,Ayuma,evance.ayuma66@gmail.com,,2405,2589,3657,"$argon2i$v=19$m=16,t=2,p=1$bGFiVFNkNkl6YldhMEZ2Mg$KoO4yuR++bGwD7EviELL+Q"
4384,MORE LIFE CHEMISTS,RETAIL,PPB/M/9531,Status: Active,Mjc0OTM=,Roseline,Wekesa,roseline.wekesa13@gmail.com,,2406,2590,3658,"$argon2i$v=19$m=16,t=2,p=1$bGFiVFNkNkl6YldhMEZ2Mg$KoO4yuR++bGwD7EviELL+Q"
5044,OUTLIERS BY DESIGN LIMITED,RETAIL,PPB/O/1092,Status: REVOKED,Mjg5MjU=,Ochieng,Kevin,ochieng.kevin10@gmail.com,,2407,2591,3659,"$argon2i$v=19$m=16,t=2,p=1$bGFiVFNkNkl6YldhMEZ2Mg$KoO4yuR++bGwD7EviELL+Q"
6369,SYCHE CHEMIST,RETAIL,PPB/S/9080,Status: Active,Mjc5NDE=,Teresiah,Warui,teresiah.warui19@gmail.com,,2408,2592,3660,"$argon2i$v=19$m=16,t=2,p=1$bGFiVFNkNkl6YldhMEZ2Mg$KoO4yuR++bGwD7EviELL+Q"
6758,TURBO TIBA YANGU CHEMISTS,RETAIL,PPB/T/5705,Status: REVOKED,MjcyNzc=,Morris,Kimaru,morris.kimaru83@gmail.com,,2409,2593,3661,"$argon2i$v=19$m=16,t=2,p=1$bGFiVFNkNkl6YldhMEZ2Mg$KoO4yuR++bGwD7EviELL+Q"
6415,TAMOL CHEMIST,RETAIL,PPB/T/5689,Status: Active,MjY5OTA=,Mercyline,Osiemo,mercyline.osiemo42@gmail.com,,2410,2594,3662,"$argon2i$v=19$m=16,t=2,p=1$bGFiVFNkNkl6YldhMEZ2Mg$KoO4yuR++bGwD7EviELL+Q"
4886,NUCLEAR FAMILY CHEMISTS,RETAIL,PPB/N/1312,Status: Active,Mjc2ODA=,Mbithi,Mukoya,mbithi.mukoya71@gmail.com,,2411,2595,3663,"$argon2i$v=19$m=16,t=2,p=1$bGFiVFNkNkl6YldhMEZ2Mg$KoO4yuR++bGwD7EviELL+Q"
4519,MWADEMU CHEMIST,RETAIL,PPB/M/9463,Status: Active,MjY4Mzg=,Margaret,Mwai,margaret.mwai50@gmail.com,,2412,2596,3664,"$argon2i$v=19$m=16,t=2,p=1$bGFiVFNkNkl6YldhMEZ2Mg$KoO4yuR++bGwD7EviELL+Q"
4388,MORNING STAR CHEMIST,RETAIL,PPB/M/9601,Status: Active,MjgyNTc=,Mariam,Wainaina,mariam.wainaina96@gmail.com,,2413,2597,3665,"$argon2i$v=19$m=16,t=2,p=1$bGFiVFNkNkl6YldhMEZ2Mg$KoO4yuR++bGwD7EviELL+Q"
3969,MAYFIELD PHARMACY LIMITED,RETAIL,PPB/M/9454,Status: REVOKED,MjY3MzY=,Rama,Jepkemboi,rama.jepkemboi68@gmail.com,,2414,2598,3666,"$argon2i$v=19$m=16,t=2,p=1$bGFiVFNkNkl6YldhMEZ2Mg$KoO4yuR++bGwD7EviELL+Q"
5961,SEATON PARK MEDICAL CENTRE,RETAIL,PPB/S/9206,Status: Active,Mjk5MDg=,Salome,Ombati,salome.ombati45@gmail.com,,2415,2599,3667,"$argon2i$v=19$m=16,t=2,p=1$bGFiVFNkNkl6YldhMEZ2Mg$KoO4yuR++bGwD7EviELL+Q"
5106,PEAKTIME CHEMIST LIMITED,RETAIL,PPB/P/2208,Status: Active,MjY0MTU=,Mwendwa,Mwakio,mwendwa.mwakio71@gmail.com,,2416,2600,3668,"$argon2i$v=19$m=16,t=2,p=1$bGFiVFNkNkl6YldhMEZ2Mg$KoO4yuR++bGwD7EviELL+Q"
7076,WILLMED HEALTHCARE PHARMACY,RETAIL,PPB/W/7453,Status: Active,Mjk1NTM=,Mutua,Adan,mutua.adan87@gmail.com,,2417,2601,3669,"$argon2i$v=19$m=16,t=2,p=1$bGFiVFNkNkl6YldhMEZ2Mg$KoO4yuR++bGwD7EviELL+Q"
7115,WOODLEY PHARMACEUTICALS NGONG ROAD LIMITED,RETAIL,PPB/W/7438,Status: Active,Mjg4NTQ=,Billow,Muasya,billow.muasya54@gmail.com,,2418,2602,3670,"$argon2i$v=19$m=16,t=2,p=1$bGFiVFNkNkl6YldhMEZ2Mg$KoO4yuR++bGwD7EviELL+Q"
4636,NASRI PHARMACY,RETAIL,PPB/N/1300,Status: Active,Mjc0NDY=,Eugene,Nekesa,eugene.nekesa86@gmail.com,,2419,2603,3671,"$argon2i$v=19$m=16,t=2,p=1$bGFiVFNkNkl6YldhMEZ2Mg$KoO4yuR++bGwD7EviELL+Q"
5580,REXO HEALTHCARE PHARMACY,RETAIL,PPB/R/1330,Status: Active,Mjg4OTU=,Nelima,Hamisi,nelima.hamisi99@gmail.com,,2420,2604,3672,"$argon2i$v=19$m=16,t=2,p=1$bGFiVFNkNkl6YldhMEZ2Mg$KoO4yuR++bGwD7EviELL+Q"
6304,SUGA CARE PHARMACY LIMITED,RETAIL,PPB/S/9122,Status: Active,Mjg1MjI=,Bashir,Mumbua,bashir.mumbua36@gmail.com,,2421,2605,3673,"$argon2i$v=19$m=16,t=2,p=1$bGFiVFNkNkl6YldhMEZ2Mg$KoO4yuR++bGwD7EviELL+Q"
7195,ZIOMED ENTERPRISES,RETAIL,PPB/Z/1320,Status: Active,MzA0MzE=,Fiona,Ngotho,fiona.ngotho93@gmail.com,,2422,2606,3674,"$argon2i$v=19$m=16,t=2,p=1$bGFiVFNkNkl6YldhMEZ2Mg$KoO4yuR++bGwD7EviELL+Q"
7136,YANG'AT PHARMACY,RETAIL,PPB/Y/66,Status: Active,Mjg1MDM=,Calvin,Kathure,calvin.kathure90@gmail.com,,2423,2607,3675,"$argon2i$v=19$m=16,t=2,p=1$bGFiVFNkNkl6YldhMEZ2Mg$KoO4yuR++bGwD7EviELL+Q"
6958,WAMAX CHEMIST,RETAIL,PPB/W/7396,Status: Active,MjY1Njg=,Baraka,Wabwire,baraka.wabwire46@gmail.com,,2424,2608,3676,"$argon2i$v=19$m=16,t=2,p=1$bGFiVFNkNkl6YldhMEZ2Mg$KoO4yuR++bGwD7EviELL+Q"
3952,MAXIGARD CHEMIST,RETAIL,PPB/M/9539,Status: Active,Mjc1Mjk=,Bett,Musyoka,bett.musyoka31@gmail.com,,2425,2609,3677,"$argon2i$v=19$m=16,t=2,p=1$bGFiVFNkNkl6YldhMEZ2Mg$KoO4yuR++bGwD7EviELL+Q"
5664,RODI CAANAN CHEMIST,RETAIL,PPB/R/1377,Status: Active,MzAzNTU=,Mohamednoor,Ngotho,mohamednoor.ngotho3@gmail.com,,2426,2610,3678,"$argon2i$v=19$m=16,t=2,p=1$bGFiVFNkNkl6YldhMEZ2Mg$KoO4yuR++bGwD7EviELL+Q"
3710,MAAZ CARE LIMITED,RETAIL,PPB/M/9637,Status: Active,Mjg1ODc=,Jacob,Muinde,jacob.muinde40@gmail.com,,2427,2611,3679,"$argon2i$v=19$m=16,t=2,p=1$bGFiVFNkNkl6YldhMEZ2Mg$KoO4yuR++bGwD7EviELL+Q"
6747,TULEL PHARMACEUTICAL LIMITED,RETAIL,PPB/T/5708,Status: Active,MjczNTM=,Maryam,Ali,maryam.ali61@gmail.com,,2428,2612,3680,"$argon2i$v=19$m=16,t=2,p=1$bGFiVFNkNkl6YldhMEZ2Mg$KoO4yuR++bGwD7EviELL+Q"
6896,VIMAC PHARMACY,RETAIL,PPB/V/414,Status: Active,MjkzNjM=,Ndung'u,Joshua,ndung'u.joshua25@gmail.com,,2429,2613,3681,"$argon2i$v=19$m=16,t=2,p=1$bGFiVFNkNkl6YldhMEZ2Mg$KoO4yuR++bGwD7EviELL+Q"
6079,SIFA AFYA CHEMIST,RETAIL,PPB/S/9120,Status: Active,Mjg1MTY=,Alice,Mbaabu,alice.mbaabu93@gmail.com,,2430,2614,3682,"$argon2i$v=19$m=16,t=2,p=1$bGFiVFNkNkl6YldhMEZ2Mg$KoO4yuR++bGwD7EviELL+Q"
5953,SCRIPT SAVVY LIMITED,RETAIL,PPB/S/9212,Status: REVOKED,Mjk5ODg=,Joe,Hillow,joe.hillow70@gmail.com,,2431,2615,3683,"$argon2i$v=19$m=16,t=2,p=1$bGFiVFNkNkl6YldhMEZ2Mg$KoO4yuR++bGwD7EviELL+Q"
3737,MAGICAL SWIFT CHEMIST,RETAIL,PPB/M/9759,Status: Active,Mjk5OTU=,Tobias,Nduta,tobias.nduta26@gmail.com,,2432,2616,3684,"$argon2i$v=19$m=16,t=2,p=1$bGFiVFNkNkl6YldhMEZ2Mg$KoO4yuR++bGwD7EviELL+Q"
7085,WINFRED SHINE CHEMIST,RETAIL,PPB/W/7413,Status: Active,MjcyNDE=,Wambua,Philip,wambua.philip27@gmail.com,,2433,2617,3685,"$argon2i$v=19$m=16,t=2,p=1$bGFiVFNkNkl6YldhMEZ2Mg$KoO4yuR++bGwD7EviELL+Q"
7124,WUSIMI PHARMACY,RETAIL,PPB/W/7461,Status: Active,MzAxNjE=,Stacy,Wabwile,stacy.wabwile18@gmail.com,,2434,2618,3686,"$argon2i$v=19$m=16,t=2,p=1$bGFiVFNkNkl6YldhMEZ2Mg$KoO4yuR++bGwD7EviELL+Q"
6033,SHEMIGEN PHARMACY,RETAIL,PPB/S/9030,Status: Active,MjczNjc=,Cornelius,Kipchirchir,cornelius.kipchirchir48@gmail.com,,2435,2619,3687,"$argon2i$v=19$m=16,t=2,p=1$bGFiVFNkNkl6YldhMEZ2Mg$KoO4yuR++bGwD7EviELL+Q"
5976,SERENE HOSPITAL LIMITED,RETAIL,PPB/S/9027,Status: Active,MjczMzc=,Wanjohi,Makori,wanjohi.makori74@gmail.com,,2436,2620,3688,"$argon2i$v=19$m=16,t=2,p=1$bGFiVFNkNkl6YldhMEZ2Mg$KoO4yuR++bGwD7EviELL+Q"
4252,MICRAJ HEALTH CARE,RETAIL,PPB/M/9417,Status: Active,MjY1MDQ=,Damaris,Mwololo,damaris.mwololo69@gmail.com,,2437,2621,3689,"$argon2i$v=19$m=16,t=2,p=1$bGFiVFNkNkl6YldhMEZ2Mg$KoO4yuR++bGwD7EviELL+Q"
3986,MBUMAR VENTURES CHEMIST,RETAIL,PPB/M/9669,Status: Active,Mjg4ODc=,Godfrey,Muriuki,godfrey.muriuki5@gmail.com,,2438,2622,3690,"$argon2i$v=19$m=16,t=2,p=1$bGFiVFNkNkl6YldhMEZ2Mg$KoO4yuR++bGwD7EviELL+Q"
5014,OPANGAMED PHARMACY,RETAIL,PPB/O/404,Status: Active,MjY2Mjk=,Kanini,Sawe,kanini.sawe97@gmail.com,,2439,2623,3691,"$argon2i$v=19$m=16,t=2,p=1$bGFiVFNkNkl6YldhMEZ2Mg$KoO4yuR++bGwD7EviELL+Q"
5200,PHARMAPLUS PHARMACEUTICALS LTD- GIGIRI,RETAIL,PPB/P/3126,Status: Active,MjgwMzk=,Boaz,Apondi,boaz.apondi38@gmail.com,,2440,2624,3692,"$argon2i$v=19$m=16,t=2,p=1$bGFiVFNkNkl6YldhMEZ2Mg$KoO4yuR++bGwD7EviELL+Q"
5503,RAVEKING PHARMACY,RETAIL,PPB/R/1328,Status: Active,Mjg4MDQ=,Kipkemoi,Mwakio,kipkemoi.mwakio21@gmail.com,,2441,2625,3693,"$argon2i$v=19$m=16,t=2,p=1$bGFiVFNkNkl6YldhMEZ2Mg$KoO4yuR++bGwD7EviELL+Q"
7206,ZUBI CARE PHARMACY LTD,RETAIL,PPB/Z/1306,Status: Active,Mjg0NjA=,Teresiah,Muasya,teresiah.muasya59@gmail.com,,2442,2626,3694,"$argon2i$v=19$m=16,t=2,p=1$bGFiVFNkNkl6YldhMEZ2Mg$KoO4yuR++bGwD7EviELL+Q"
3992,MCGREENS PHARMACY MAILI NNE,RETAIL,PPB/M/9743,Status: Active,Mjk3MTE=,Dan,Jumba,dan.jumba22@gmail.com,,2443,2627,3695,"$argon2i$v=19$m=16,t=2,p=1$bGFiVFNkNkl6YldhMEZ2Mg$KoO4yuR++bGwD7EviELL+Q"
5665,RODSI HEALTH CARE LIMITED,RETAIL,PPB/R/1349,Status: Active,MjkzNzE=,Murimi,Wamalwa,murimi.wamalwa74@gmail.com,,2444,2628,3696,"$argon2i$v=19$m=16,t=2,p=1$bGFiVFNkNkl6YldhMEZ2Mg$KoO4yuR++bGwD7EviELL+Q"
5663,RODAN PHARMACY,RETAIL,PPB/R/1375,Status: Active,MzAyMjg=,Wambugu,Ambani,wambugu.ambani26@gmail.com,,2445,2629,3697,"$argon2i$v=19$m=16,t=2,p=1$bGFiVFNkNkl6YldhMEZ2Mg$KoO4yuR++bGwD7EviELL+Q"
5568,RENEPHARM CHEMIST,RETAIL,PPB/R/1311,Status: Active,Mjg0MzI=,Michael,Mutuku,michael.mutuku32@gmail.com,,2446,2630,3698,"$argon2i$v=19$m=16,t=2,p=1$bGFiVFNkNkl6YldhMEZ2Mg$KoO4yuR++bGwD7EviELL+Q"
5588,RHOPHARM PHARMACEUTICALS,RETAIL,PPB/R/1382,Status: Active,MzA0Mzc=,Vivian,Chepngeno,vivian.chepngeno69@gmail.com,,2447,2631,3699,"$argon2i$v=19$m=16,t=2,p=1$bGFiVFNkNkl6YldhMEZ2Mg$KoO4yuR++bGwD7EviELL+Q"
5129,PENTAMED PHARMACY,RETAIL,PPB/P/4893,Status: Active,Mjk3ODY=,Muli,Chebet,muli.chebet99@gmail.com,,2448,2632,3700,"$argon2i$v=19$m=16,t=2,p=1$bGFiVFNkNkl6YldhMEZ2Mg$KoO4yuR++bGwD7EviELL+Q"
6120,SITET PHARMACEUTICALS,RETAIL,PPB/S/9225,Status: Active,MzAxMjM=,Winny,Kyalo,winny.kyalo31@gmail.com,,2449,2633,3701,"$argon2i$v=19$m=16,t=2,p=1$bGFiVFNkNkl6YldhMEZ2Mg$KoO4yuR++bGwD7EviELL+Q"
7159,ZAHRA CHEMIST LTD,RETAIL,PPB/Z/1316,Status: Active,Mjk1NTA=,Elizabeth,Daniel,elizabeth.daniel44@gmail.com,,2450,2634,3702,"$argon2i$v=19$m=16,t=2,p=1$bGFiVFNkNkl6YldhMEZ2Mg$KoO4yuR++bGwD7EviELL+Q"
5199,PHARMAPLUS PHARMACEUTICALS LTD- FOURWAYS,RETAIL,PPB/P/4855,Status: Active,Mjg4ODY=,Keith,Mzungu,keith.mzungu95@gmail.com,,2451,2635,3703,"$argon2i$v=19$m=16,t=2,p=1$bGFiVFNkNkl6YldhMEZ2Mg$KoO4yuR++bGwD7EviELL+Q"
3758,MAJORCARE CHEMIST,RETAIL,PPB/M/9521,Status: Active,Mjc0NDk=,Samuel,Ngunjiri,samuel.ngunjiri91@gmail.com,,2452,2636,3704,"$argon2i$v=19$m=16,t=2,p=1$bGFiVFNkNkl6YldhMEZ2Mg$KoO4yuR++bGwD7EviELL+Q"
4992,OLOSERIAN CHEMIST BISIL,RETAIL,PPB/O/1093,Status: Active,MjkwMjc=,Jerop,Mohamed,jerop.mohamed5@gmail.com,,2453,2637,3705,"$argon2i$v=19$m=16,t=2,p=1$bGFiVFNkNkl6YldhMEZ2Mg$KoO4yuR++bGwD7EviELL+Q"
4249,MICHA PHARMACY LIMITED,RETAIL,PPB/M/9566,Status: Active,Mjc3NzM=,Winnie,Issak,winnie.issak22@gmail.com,,2454,2638,3706,"$argon2i$v=19$m=16,t=2,p=1$bGFiVFNkNkl6YldhMEZ2Mg$KoO4yuR++bGwD7EviELL+Q"
4644,NAVUHI MEDICARE CHEMIST,RETAIL,PPB/N/1274,Status: Active,MjcwNTM=,Johnson,Nthiga,johnson.nthiga13@gmail.com,,2455,2639,3707,"$argon2i$v=19$m=16,t=2,p=1$bGFiVFNkNkl6YldhMEZ2Mg$KoO4yuR++bGwD7EviELL+Q"
7003,WELHUB  PHARMACY,RETAIL,PPB/W/7423,Status: Active,Mjc3NDM=,Duncan,Nasimiyu,duncan.nasimiyu50@gmail.com,,2456,2640,3708,"$argon2i$v=19$m=16,t=2,p=1$bGFiVFNkNkl6YldhMEZ2Mg$KoO4yuR++bGwD7EviELL+Q"
5589,RIAKANAU PHARMACY,RETAIL,PPB/R/1239,Status: Active,MjY3MTg=,Wamalwa,Jepkemboi,wamalwa.jepkemboi56@gmail.com,,2457,2641,3709,"$argon2i$v=19$m=16,t=2,p=1$bGFiVFNkNkl6YldhMEZ2Mg$KoO4yuR++bGwD7EviELL+Q"
7096,WINSLOW CHEMIST,RETAIL,PPB/W/7415,Status: Active,MjczMDI=,Maurice,Jerotich,maurice.jerotich41@gmail.com,,2458,2642,3710,"$argon2i$v=19$m=16,t=2,p=1$bGFiVFNkNkl6YldhMEZ2Mg$KoO4yuR++bGwD7EviELL+Q"
5219,PHARMAPLUS PHARMACEUTICALS LTD-NAIROBI WEST,RETAIL,PPB/P/4890,Status: Active,Mjk3MzU=,Levis,Ekal,levis.ekal37@gmail.com,,2459,2643,3711,"$argon2i$v=19$m=16,t=2,p=1$bGFiVFNkNkl6YldhMEZ2Mg$KoO4yuR++bGwD7EviELL+Q"
5334,POINT MARK PHARMACEUTICAL LIMITED,RETAIL,PPB/P/4858,Status: Active,Mjg5NTk=,Joram,Nasambu,joram.nasambu70@gmail.com,,2460,2644,3712,"$argon2i$v=19$m=16,t=2,p=1$bGFiVFNkNkl6YldhMEZ2Mg$KoO4yuR++bGwD7EviELL+Q"
5346,PRAMAH PHARMACY LIMITED,RETAIL,PPB/P/3110,Status: Active,Mjc2OTc=,Amin,Mbaka,amin.mbaka70@gmail.com,,2461,2645,3713,"$argon2i$v=19$m=16,t=2,p=1$bGFiVFNkNkl6YldhMEZ2Mg$KoO4yuR++bGwD7EviELL+Q"
5135,PERFECT HEALTH CHEMIST,RETAIL,PPB/P/4844,Status: Active,Mjg3MTg=,Okumu,Odongo,okumu.odongo49@gmail.com,,2462,2646,3714,"$argon2i$v=19$m=16,t=2,p=1$bGFiVFNkNkl6YldhMEZ2Mg$KoO4yuR++bGwD7EviELL+Q"
4901,NYAKOE CHEMISTS COMPANY LIMITED-NYAKOE,RETAIL,PPB/N/1251,Status: Active,MjYzNDM=,Chelangat,Mutio,chelangat.mutio38@gmail.com,,2463,2647,3715,"$argon2i$v=19$m=16,t=2,p=1$bGFiVFNkNkl6YldhMEZ2Mg$KoO4yuR++bGwD7EviELL+Q"
5355,PREMEDFEDHA  PHARMACY,RETAIL,PPB/P/4907,Status: Active,MzAxNjc=,Irungu,Nzilani,irungu.nzilani25@gmail.com,,2464,2648,3716,"$argon2i$v=19$m=16,t=2,p=1$bGFiVFNkNkl6YldhMEZ2Mg$KoO4yuR++bGwD7EviELL+Q"
5006,ONE DIAL PHARMACY,RETAIL,PPB/O/1087,Status: Active,Mjg0NTc=,Thuo,Anyango,thuo.anyango37@gmail.com,,2465,2649,3717,"$argon2i$v=19$m=16,t=2,p=1$bGFiVFNkNkl6YldhMEZ2Mg$KoO4yuR++bGwD7EviELL+Q"
3886,MART HEALTH OPTIONS,RETAIL,PPB/M/9771,Status: Active,MzAyNDM=,Ibrahim,Warui,ibrahim.warui58@gmail.com,,2466,2650,3718,"$argon2i$v=19$m=16,t=2,p=1$bGFiVFNkNkl6YldhMEZ2Mg$KoO4yuR++bGwD7EviELL+Q"
3772,MAKINI -PHARMACEUTICAL KIMBIBI,RETAIL,PPB/M/9621,Status: Active,Mjg0MzE=,Issa,Ngome,issa.ngome79@gmail.com,,2467,2651,3719,"$argon2i$v=19$m=16,t=2,p=1$bGFiVFNkNkl6YldhMEZ2Mg$KoO4yuR++bGwD7EviELL+Q"
6639,TOPMEDS SUPPLIES LIMITED,RETAIL,PPB/T/5787,Status: Active,MjkyNDA=,Anita,Ekiru,anita.ekiru22@gmail.com,,2468,2652,3720,"$argon2i$v=19$m=16,t=2,p=1$bGFiVFNkNkl6YldhMEZ2Mg$KoO4yuR++bGwD7EviELL+Q"
3794,MALIBU EPIC BUSINESS PARK MOMBASA,RETAIL,PPB/M/9477,Status: Active,MjY5NDk=,Amina,Syombua,amina.syombua69@gmail.com,,2469,2653,3721,"$argon2i$v=19$m=16,t=2,p=1$bGFiVFNkNkl6YldhMEZ2Mg$KoO4yuR++bGwD7EviELL+Q"
6139,SKYLINE HEALTH - NDENDERU,RETAIL,PPB/S/9137,Status: Active,Mjg4NDQ=,Gerald,Gachoki,gerald.gachoki96@gmail.com,,2470,2654,3722,"$argon2i$v=19$m=16,t=2,p=1$bGFiVFNkNkl6YldhMEZ2Mg$KoO4yuR++bGwD7EviELL+Q"
6814,UNITED THERAPEUTIC PHARMACY LIMITED,RETAIL,PPB/U/9492,Status: Active,Mjg0MTg=,Gordon,Mbatha,gordon.mbatha23@gmail.com,,2471,2655,3723,"$argon2i$v=19$m=16,t=2,p=1$bGFiVFNkNkl6YldhMEZ2Mg$KoO4yuR++bGwD7EviELL+Q"
4639,NATIONCARE PHARMACY,RETAIL,PPB/N/1584,Status: Active,MzAzNDc=,Debora,Mmboga,debora.mmboga75@gmail.com,,2472,2656,3724,"$argon2i$v=19$m=16,t=2,p=1$bGFiVFNkNkl6YldhMEZ2Mg$KoO4yuR++bGwD7EviELL+Q"
5617,RILEYS CHEMIST,RETAIL,PPB/R/1278,Status: Active,Mjc3MTQ=,Boniface,Duba,boniface.duba36@gmail.com,,2473,2657,3725,"$argon2i$v=19$m=16,t=2,p=1$bGFiVFNkNkl6YldhMEZ2Mg$KoO4yuR++bGwD7EviELL+Q"
6301,SUBEM CHEMIST,RETAIL,PPB/S/9207,Status: Active,Mjk5MTU=,Aisha,Cherono,aisha.cherono93@gmail.com,,2474,2658,3726,"$argon2i$v=19$m=16,t=2,p=1$bGFiVFNkNkl6YldhMEZ2Mg$KoO4yuR++bGwD7EviELL+Q"
3840,MANKIND PHARMACY,RETAIL,PPB/M/9703,Status: Active,MjkyNzA=,Gordon,Waithaka,gordon.waithaka65@gmail.com,,2475,2659,3727,"$argon2i$v=19$m=16,t=2,p=1$bGFiVFNkNkl6YldhMEZ2Mg$KoO4yuR++bGwD7EviELL+Q"
6155,SMART DREAMS CHEMISTS,RETAIL,PPB/S/9098,Status: Active,MjgxODA=,Zacharia,Kimanzi,zacharia.kimanzi1@gmail.com,,2476,2660,3728,"$argon2i$v=19$m=16,t=2,p=1$bGFiVFNkNkl6YldhMEZ2Mg$KoO4yuR++bGwD7EviELL+Q"
6300,SUAM CHEMIST,RETAIL,PPB/S/9088,Status: Active,MjgwODE=,Phineas,Mmboga,phineas.mmboga67@gmail.com,,2477,2661,3729,"$argon2i$v=19$m=16,t=2,p=1$bGFiVFNkNkl6YldhMEZ2Mg$KoO4yuR++bGwD7EviELL+Q"
4097,MEDISAN MEDICAL CENTER,RETAIL,PPB/M/9702,Status: Active,MjkyNjE=,Tyson,Fondo,tyson.fondo54@gmail.com,,2478,2662,3730,"$argon2i$v=19$m=16,t=2,p=1$bGFiVFNkNkl6YldhMEZ2Mg$KoO4yuR++bGwD7EviELL+Q"
4566,NAEL CHEMIST,RETAIL,PPB/N/1278,Status: Active,MjcxMDE=,Eliud,Njue,eliud.njue19@gmail.com,,2479,2663,3731,"$argon2i$v=19$m=16,t=2,p=1$bGFiVFNkNkl6YldhMEZ2Mg$KoO4yuR++bGwD7EviELL+Q"
5471,RAMRONS PHARMACY,RETAIL,PPB/R/1274,Status: Active,Mjc1NjM=,Naomi,Kiio,naomi.kiio5@gmail.com,,2480,2664,3732,"$argon2i$v=19$m=16,t=2,p=1$bGFiVFNkNkl6YldhMEZ2Mg$KoO4yuR++bGwD7EviELL+Q"
5281,PHARMWI PHARMACY,RETAIL,PPB/P/2236,Status: Active,MjcwNjc=,Ann,Aloo,ann.aloo62@gmail.com,,2481,2665,3733,"$argon2i$v=19$m=16,t=2,p=1$bGFiVFNkNkl6YldhMEZ2Mg$KoO4yuR++bGwD7EviELL+Q"
4589,NAJMI CHEMIST,RETAIL,PPB/N/1582,Status: Active,MzAyMzA=,Jebet,Kosgei,jebet.kosgei44@gmail.com,,2482,2666,3734,"$argon2i$v=19$m=16,t=2,p=1$bGFiVFNkNkl6YldhMEZ2Mg$KoO4yuR++bGwD7EviELL+Q"
6228,SPENOK PHARMACY,RETAIL,PPB/S/9171,Status: Active,MjkzMjQ=,Milcah,Swaleh,milcah.swaleh46@gmail.com,,2483,2667,3735,"$argon2i$v=19$m=16,t=2,p=1$bGFiVFNkNkl6YldhMEZ2Mg$KoO4yuR++bGwD7EviELL+Q"
5320,PISGAH PHARMACEUTICALS,RETAIL,PPB/P/4839,Status: Active,Mjg2NDE=,Lydiah,Ngei,lydiah.ngei14@gmail.com,,2484,2668,3736,"$argon2i$v=19$m=16,t=2,p=1$bGFiVFNkNkl6YldhMEZ2Mg$KoO4yuR++bGwD7EviELL+Q"
7037,WENDO CHEMIST,RETAIL,PPB/W/7433,Status: Active,Mjg1NzA=,Wamalwa,Martin,wamalwa.martin43@gmail.com,,2485,2669,3737,"$argon2i$v=19$m=16,t=2,p=1$bGFiVFNkNkl6YldhMEZ2Mg$KoO4yuR++bGwD7EviELL+Q"
5115,PEKAMED CHEMIST,RETAIL,PPB/P/3105,Status: Active,Mjc1NTI=,Barasa,Muthengi,barasa.muthengi29@gmail.com,,2486,2670,3738,"$argon2i$v=19$m=16,t=2,p=1$bGFiVFNkNkl6YldhMEZ2Mg$KoO4yuR++bGwD7EviELL+Q"
5585,RHAPTA PHARMACY,RETAIL,PPB/R/1344,Status: Active,MjkyNjA=,Brian,Lemayian,brian.lemayian52@gmail.com,,2487,2671,3739,"$argon2i$v=19$m=16,t=2,p=1$bGFiVFNkNkl6YldhMEZ2Mg$KoO4yuR++bGwD7EviELL+Q"
4204,MENIA INVESTMENT LIMITED,RETAIL,PPB/M/9424,Status: Active,MjY1MTc=,Isaac,Makau,isaac.makau56@gmail.com,,2488,2672,3740,"$argon2i$v=19$m=16,t=2,p=1$bGFiVFNkNkl6YldhMEZ2Mg$KoO4yuR++bGwD7EviELL+Q"
3996,MED SPARCKLE PHARMACY,RETAIL,PPB/M/9622,Status: Active,Mjg0Mzc=,Shukri,David,shukri.david40@gmail.com,,2489,2673,3741,"$argon2i$v=19$m=16,t=2,p=1$bGFiVFNkNkl6YldhMEZ2Mg$KoO4yuR++bGwD7EviELL+Q"
3818,MALTA CARE PHARMACY,RETAIL,PPB/M/9746,Status: Active,Mjk3NDg=,Hope,Kaberia,hope.kaberia85@gmail.com,,2490,2674,3742,"$argon2i$v=19$m=16,t=2,p=1$bGFiVFNkNkl6YldhMEZ2Mg$KoO4yuR++bGwD7EviELL+Q"
3691,LYDIUS CHEMIST,RETAIL,PPB/L/9862,Status: Active,MzAwMDE=,Pius,Ngari,pius.ngari22@gmail.com,,2491,2675,3743,"$argon2i$v=19$m=16,t=2,p=1$bGFiVFNkNkl6YldhMEZ2Mg$KoO4yuR++bGwD7EviELL+Q"
4109,MEDITEC E.A FAIRLIFE PHARMACY,RETAIL,PPB/M/9790,Status: Active,MzA1ODQ=,Jael,Nyakundi,jael.nyakundi15@gmail.com,,2492,2676,3744,"$argon2i$v=19$m=16,t=2,p=1$bGFiVFNkNkl6YldhMEZ2Mg$KoO4yuR++bGwD7EviELL+Q"
5094,PAULGAB PHARMACY,RETAIL,PPB/P/4886,Status: Active,Mjk3MDU=,Musa,Kennedy,musa.kennedy31@gmail.com,,2493,2677,3745,"$argon2i$v=19$m=16,t=2,p=1$bGFiVFNkNkl6YldhMEZ2Mg$KoO4yuR++bGwD7EviELL+Q"
3754,MAJESTY PHARMACEUTICALS LIMITED,RETAIL,PPB/M/9555,Status: Active,Mjc2NjE=,Boniface,Nafuna,boniface.nafuna33@gmail.com,,2494,2678,3746,"$argon2i$v=19$m=16,t=2,p=1$bGFiVFNkNkl6YldhMEZ2Mg$KoO4yuR++bGwD7EviELL+Q"
5384,PROGYTOWN PHARMACY,RETAIL,PPB/P/2246,Status: TEMP_REVOK,MjcyODY=,Gibson,Mwiti,gibson.mwiti93@gmail.com,,2495,2679,3747,"$argon2i$v=19$m=16,t=2,p=1$bGFiVFNkNkl6YldhMEZ2Mg$KoO4yuR++bGwD7EviELL+Q"
4369,MONCLAIRE DISCOUNT PHARMACY,RETAIL,PPB/M/9712,Status: Active,MjkzNzQ=,Zacharia,Jepkorir,zacharia.jepkorir25@gmail.com,,2496,2680,3748,"$argon2i$v=19$m=16,t=2,p=1$bGFiVFNkNkl6YldhMEZ2Mg$KoO4yuR++bGwD7EviELL+Q"
3667,LUIZ'S PHARMACEUTICAL,RETAIL,PPB/L/9828,Status: Active,Mjg5ODQ=,Kimani,Kipkemoi,kimani.kipkemoi50@gmail.com,,2497,2681,3749,"$argon2i$v=19$m=16,t=2,p=1$bGFiVFNkNkl6YldhMEZ2Mg$KoO4yuR++bGwD7EviELL+Q"
5789,SABEJA CHEMIST,RETAIL,PPB/S/9180,Status: Active,Mjk0ODk=,Titus,Makori,titus.makori49@gmail.com,,2498,2682,3750,"$argon2i$v=19$m=16,t=2,p=1$bGFiVFNkNkl6YldhMEZ2Mg$KoO4yuR++bGwD7EviELL+Q"
4303,MIPHENS SUPPLIERS LIMITED,RETAIL,PPB/M/9630,Status: Active,Mjg1MjA=,Makau,Ndirangu,makau.ndirangu99@gmail.com,,2499,2683,3751,"$argon2i$v=19$m=16,t=2,p=1$bGFiVFNkNkl6YldhMEZ2Mg$KoO4yuR++bGwD7EviELL+Q"
5198,PHARMAPLUS PHARMACEUTICALS LTD- BBS MALL EASTLEIGH,RETAIL,PPB/P/4882,Status: Active,Mjk2NjI=,Jerop,Soi,jerop.soi40@gmail.com,,2500,2684,3752,"$argon2i$v=19$m=16,t=2,p=1$bGFiVFNkNkl6YldhMEZ2Mg$KoO4yuR++bGwD7EviELL+Q"
6112,SIPILO CHEMIST-NANYUKI,RETAIL,PPB/S/9129,Status: Active,Mjg2MjQ=,Simon,Kioko,simon.kioko61@gmail.com,,2501,2685,3753,"$argon2i$v=19$m=16,t=2,p=1$bGFiVFNkNkl6YldhMEZ2Mg$KoO4yuR++bGwD7EviELL+Q"
4159,MEDSRUS LIMITED-PHARMACY,RETAIL,PPB/M/9484,Status: Active,MjcwMjg=,Evaline,Muthee,evaline.muthee3@gmail.com,,2502,2686,3754,"$argon2i$v=19$m=16,t=2,p=1$bGFiVFNkNkl6YldhMEZ2Mg$KoO4yuR++bGwD7EviELL+Q"
6217,SOUTHSHORE PHARMACY,RETAIL,PPB/S/9170,Status: Active,MjkyOTE=,Ahmed,Esinyen,ahmed.esinyen89@gmail.com,,2503,2687,3755,"$argon2i$v=19$m=16,t=2,p=1$bGFiVFNkNkl6YldhMEZ2Mg$KoO4yuR++bGwD7EviELL+Q"
4982,OLIVEPOINT CHEMIST,RETAIL,PPB/O/1080,Status: Active,MjgxOTg=,Jimmy,Bulle,jimmy.bulle53@gmail.com,,2504,2688,3756,"$argon2i$v=19$m=16,t=2,p=1$bGFiVFNkNkl6YldhMEZ2Mg$KoO4yuR++bGwD7EviELL+Q"
6187,SOLUTION SAVANT,RETAIL,PPB/S/9233,Status: Active,MzAzMTg=,Stephene,Nduati,stephene.nduati74@gmail.com,,2505,2689,3757,"$argon2i$v=19$m=16,t=2,p=1$bGFiVFNkNkl6YldhMEZ2Mg$KoO4yuR++bGwD7EviELL+Q"
5614,RIIRIPHARM CHEMIST,RETAIL,PPB/R/1292,Status: Active,MjgwMTk=,Annah,Changawa,annah.changawa37@gmail.com,,2506,2690,3758,"$argon2i$v=19$m=16,t=2,p=1$bGFiVFNkNkl6YldhMEZ2Mg$KoO4yuR++bGwD7EviELL+Q"
4264,MIDSTREET PHARMACY,RETAIL,PPB/M/9487,Status: REVOKED,MjcwNjg=,Chris,Omollo,chris.omollo22@gmail.com,,2507,2691,3759,"$argon2i$v=19$m=16,t=2,p=1$bGFiVFNkNkl6YldhMEZ2Mg$KoO4yuR++bGwD7EviELL+Q"
6619,TOB - KNIGHT CHEMIST,RETAIL,PPB/T/5788,Status: Active,MjkyNDU=,Pius,Maranga,pius.maranga73@gmail.com,,2508,2692,3760,"$argon2i$v=19$m=16,t=2,p=1$bGFiVFNkNkl6YldhMEZ2Mg$KoO4yuR++bGwD7EviELL+Q"
3656,LUCHAO PHARMACY,RETAIL,PPB/L/9858,Status: Active,Mjk4Mzg=,Pauline,Kipngeno,pauline.kipngeno13@gmail.com,,2509,2693,3761,"$argon2i$v=19$m=16,t=2,p=1$bGFiVFNkNkl6YldhMEZ2Mg$KoO4yuR++bGwD7EviELL+Q"
7186,ZEY PHARMACEUTICALS EASTLEIGH,RETAIL,PPB/Z/1313,Status: Active,MjkzMzY=,Boaz,Ramadhan,boaz.ramadhan74@gmail.com,,2510,2694,3762,"$argon2i$v=19$m=16,t=2,p=1$bGFiVFNkNkl6YldhMEZ2Mg$KoO4yuR++bGwD7EviELL+Q"
6618,TMF PHARMACEUTICALS CO LTD,RETAIL,PPB/T/5778,Status: Active,Mjg5NzY=,Purity,Oyoo,purity.oyoo62@gmail.com,,2511,2695,3763,"$argon2i$v=19$m=16,t=2,p=1$bGFiVFNkNkl6YldhMEZ2Mg$KoO4yuR++bGwD7EviELL+Q"
6917,VITAHEALTH PHARMACY,RETAIL,PPB/V/405,Status: Active,Mjg3OTI=,Cecilia,Kombo,cecilia.kombo2@gmail.com,,2512,2696,3764,"$argon2i$v=19$m=16,t=2,p=1$bGFiVFNkNkl6YldhMEZ2Mg$KoO4yuR++bGwD7EviELL+Q"
6644,TOPWAY  CHEMIST,RETAIL,PPB/T/5650,Status: Active,MjYzMTQ=,Shadrack,Wainaina,shadrack.wainaina87@gmail.com,,2513,2697,3765,"$argon2i$v=19$m=16,t=2,p=1$bGFiVFNkNkl6YldhMEZ2Mg$KoO4yuR++bGwD7EviELL+Q"
5560,REMION DRUG STORE,RETAIL,PPB/R/1368,Status: Active,Mjk4NzI=,Michelle,Kobia,michelle.kobia65@gmail.com,,2514,2698,3766,"$argon2i$v=19$m=16,t=2,p=1$bGFiVFNkNkl6YldhMEZ2Mg$KoO4yuR++bGwD7EviELL+Q"
5164,PHARMA PILL,RETAIL,PPB/P/2234,Status: Active,MjcwNTg=,Gedion,Awadh,gedion.awadh70@gmail.com,,2515,2699,3767,"$argon2i$v=19$m=16,t=2,p=1$bGFiVFNkNkl6YldhMEZ2Mg$KoO4yuR++bGwD7EviELL+Q"
3481,LENATA PHARMACY,RETAIL,PPB/L/9873,Status: Active,MzAyNDQ=,Kenneth,Wanje,kenneth.wanje64@gmail.com,,2516,2700,3768,"$argon2i$v=19$m=16,t=2,p=1$bGFiVFNkNkl6YldhMEZ2Mg$KoO4yuR++bGwD7EviELL+Q"
4389,MOROGO CHEMIST,RETAIL,PPB/M/9453,Status: Active,MjY3Mjk=,Daniel,Muchemi,daniel.muchemi68@gmail.com,,2517,2701,3769,"$argon2i$v=19$m=16,t=2,p=1$bGFiVFNkNkl6YldhMEZ2Mg$KoO4yuR++bGwD7EviELL+Q"
4831,NJOLINGA CHEMIST SOUTH B,RETAIL,PPB/N/1551,Status: Active,Mjk0NTU=,Walter,Abdullahi,walter.abdullahi70@gmail.com,,2518,2702,3770,"$argon2i$v=19$m=16,t=2,p=1$bGFiVFNkNkl6YldhMEZ2Mg$KoO4yuR++bGwD7EviELL+Q"
6501,THE CEE PHARMACY,RETAIL,PPB/T/5678,Status: Active,MjY3ODE=,Johnstone,Oduori,johnstone.oduori21@gmail.com,,2519,2703,3771,"$argon2i$v=19$m=16,t=2,p=1$bGFiVFNkNkl6YldhMEZ2Mg$KoO4yuR++bGwD7EviELL+Q"
5187,PHARMAPLUS PHARMACEUTICAL-KILIFI,RETAIL,PPB/P/2205,Status: Active,MjYzMTA=,Reagan,Muthoka,reagan.muthoka25@gmail.com,,2520,2704,3772,"$argon2i$v=19$m=16,t=2,p=1$bGFiVFNkNkl6YldhMEZ2Mg$KoO4yuR++bGwD7EviELL+Q"
5944,SCANDIC PHARMACY LIMITED,RETAIL,PPB/S/9172,Status: REVOKED,MjkzNDU=,Bryan,Nderitu,bryan.nderitu25@gmail.com,,2521,2705,3773,"$argon2i$v=19$m=16,t=2,p=1$bGFiVFNkNkl6YldhMEZ2Mg$KoO4yuR++bGwD7EviELL+Q"
6451,TAZON CHEMIST,RETAIL,PPB/T/5717,Status: Active,Mjc1NjE=,Micah,Nyokabi,micah.nyokabi81@gmail.com,,2522,2706,3774,"$argon2i$v=19$m=16,t=2,p=1$bGFiVFNkNkl6YldhMEZ2Mg$KoO4yuR++bGwD7EviELL+Q"
3578,LINCOLN AND SONS PHARMACY,RETAIL,PPB/L/9859,Status: Active,Mjk4ODE=,Amin,Jelagat,amin.jelagat86@gmail.com,,2523,2707,3775,"$argon2i$v=19$m=16,t=2,p=1$bGFiVFNkNkl6YldhMEZ2Mg$KoO4yuR++bGwD7EviELL+Q"
3722,MACHPHARM CHEMIST,RETAIL,PPB/M/9593,Status: Active,MjgxODk=,Aden,Munywoki,aden.munywoki64@gmail.com,,2524,2708,3776,"$argon2i$v=19$m=16,t=2,p=1$bGFiVFNkNkl6YldhMEZ2Mg$KoO4yuR++bGwD7EviELL+Q"
4442,MUHA   CHEMIST,RETAIL,PPB/M/9441,Status: Active,MjY2NDA=,Korir,Adhiambo,korir.adhiambo92@gmail.com,,2525,2709,3777,"$argon2i$v=19$m=16,t=2,p=1$bGFiVFNkNkl6YldhMEZ2Mg$KoO4yuR++bGwD7EviELL+Q"
5213,PHARMAPLUS PHARMACEUTICALS LTD-COMET HOUSE,RETAIL,PPB/P/4891,Status: Active,Mjk3NDY=,Kilonzo,Jeptoo,kilonzo.jeptoo46@gmail.com,,2526,2710,3778,"$argon2i$v=19$m=16,t=2,p=1$bGFiVFNkNkl6YldhMEZ2Mg$KoO4yuR++bGwD7EviELL+Q"
5053,PACIFIC PHARMACY,RETAIL,PPB/P/2245,Status: Active,MjcyNDg=,Cosmas,Hillow,cosmas.hillow52@gmail.com,,2527,2711,3779,"$argon2i$v=19$m=16,t=2,p=1$bGFiVFNkNkl6YldhMEZ2Mg$KoO4yuR++bGwD7EviELL+Q"
7067,WHITPRU CHEMIST,RETAIL,PPB/W/7405,Status: Active,MjY5OTQ=,Fatma,Muasya,fatma.muasya20@gmail.com,,2528,2712,3780,"$argon2i$v=19$m=16,t=2,p=1$bGFiVFNkNkl6YldhMEZ2Mg$KoO4yuR++bGwD7EviELL+Q"
5621,RINEYMED SOLUTIONS LTD,RETAIL,PPB/R/1305,Status: Active,MjgyODU=,Steven,Ntinyari,steven.ntinyari15@gmail.com,,2529,2713,3781,"$argon2i$v=19$m=16,t=2,p=1$bGFiVFNkNkl6YldhMEZ2Mg$KoO4yuR++bGwD7EviELL+Q"
3644,LORAN PHARMACY,RETAIL,PPB/L/9834,Status: REVOKED,MjkxMDg=,Patrick,Gatimu,patrick.gatimu47@gmail.com,,2530,2714,3782,"$argon2i$v=19$m=16,t=2,p=1$bGFiVFNkNkl6YldhMEZ2Mg$KoO4yuR++bGwD7EviELL+Q"
6745,TULAMART PHARMACEUTICAL LTD,RETAIL,PPB/T/5743,Status: Active,MjgwMDk=,Collince,Charles,collince.charles32@gmail.com,,2531,2715,3783,"$argon2i$v=19$m=16,t=2,p=1$bGFiVFNkNkl6YldhMEZ2Mg$KoO4yuR++bGwD7EviELL+Q"
5596,RICHPAM PHARMACY,RETAIL,PPB/R/1289,Status: Active,Mjc5ODY=,Farah,Kitsao,farah.kitsao64@gmail.com,,2532,2716,3784,"$argon2i$v=19$m=16,t=2,p=1$bGFiVFNkNkl6YldhMEZ2Mg$KoO4yuR++bGwD7EviELL+Q"
3736,MAGENTA PHARMACY,RETAIL,PPB/M/9688,Status: Active,MjkwOTQ=,Abigael,Wamaitha,abigael.wamaitha94@gmail.com,,2533,2717,3785,"$argon2i$v=19$m=16,t=2,p=1$bGFiVFNkNkl6YldhMEZ2Mg$KoO4yuR++bGwD7EviELL+Q"
7207,ZUENARUSH PHARMACY,RETAIL,PPB/Z/1152,Status: Active,MjY2MjE=,Weldon,Omondi,weldon.omondi97@gmail.com,,2534,2718,3786,"$argon2i$v=19$m=16,t=2,p=1$bGFiVFNkNkl6YldhMEZ2Mg$KoO4yuR++bGwD7EviELL+Q"
3956,MAXLAB CHEMIST & AGROVET LTD,RETAIL,PPB/M/9429,Status: Active,MjY1NTI=,Suleiman,Kivuva,suleiman.kivuva60@gmail.com,,2535,2719,3787,"$argon2i$v=19$m=16,t=2,p=1$bGFiVFNkNkl6YldhMEZ2Mg$KoO4yuR++bGwD7EviELL+Q"
5842,SALAMA NDANI,RETAIL,PPB/S/9043,Status: Active,Mjc1MjE=,Mary,Masha,mary.masha51@gmail.com,,2536,2720,3788,"$argon2i$v=19$m=16,t=2,p=1$bGFiVFNkNkl6YldhMEZ2Mg$KoO4yuR++bGwD7EviELL+Q"
6782,TYPHARM PHARMACY,RETAIL,PPB/T/5779,Status: Active,Mjg5Nzc=,Dorcus,Omari,dorcus.omari71@gmail.com,,2537,2721,3789,"$argon2i$v=19$m=16,t=2,p=1$bGFiVFNkNkl6YldhMEZ2Mg$KoO4yuR++bGwD7EviELL+Q"
7199,ZOE LIFE CHEMIST LIMITED,RETAIL,PPB/Z/1314,Status: Active,Mjk0ODE=,Muema,Mutungi,muema.mutungi62@gmail.com,,2538,2722,3790,"$argon2i$v=19$m=16,t=2,p=1$bGFiVFNkNkl6YldhMEZ2Mg$KoO4yuR++bGwD7EviELL+Q"
6299,STRIVE PHARMARCY,RETAIL,PPB/S/9068,Status: Active,Mjc4MDc=,Onesmus,Mwita,onesmus.mwita36@gmail.com,,2539,2723,3791,"$argon2i$v=19$m=16,t=2,p=1$bGFiVFNkNkl6YldhMEZ2Mg$KoO4yuR++bGwD7EviELL+Q"
5778,RXEPERTS PHARMACY LTD,RETAIL,PPB/R/1228,Status: Active,MjY0ODc=,Josiah,Chai,josiah.chai22@gmail.com,,2540,2724,3792,"$argon2i$v=19$m=16,t=2,p=1$bGFiVFNkNkl6YldhMEZ2Mg$KoO4yuR++bGwD7EviELL+Q"
6059,SHIVLING PHARMACEUTICAL LIMITED KISII,RETAIL,PPB/S/9163,Status: Active,MjkxNTQ=,Mungai,Khaemba,mungai.khaemba93@gmail.com,,2541,2725,3793,"$argon2i$v=19$m=16,t=2,p=1$bGFiVFNkNkl6YldhMEZ2Mg$KoO4yuR++bGwD7EviELL+Q"
4844,NOBLE LITE PHARMACEUTICALS,RETAIL,PPB/N/1532,Status: Active,MjkxMjY=,Rita,Mwikali,rita.mwikali45@gmail.com,,2542,2726,3794,"$argon2i$v=19$m=16,t=2,p=1$bGFiVFNkNkl6YldhMEZ2Mg$KoO4yuR++bGwD7EviELL+Q"
3661,"LUCYPHARM CHEMIST,",RETAIL,PPB/L/9871,Status: Active,MzAyMTM=,Sumeya,Nyokabi,sumeya.nyokabi21@gmail.com,,2543,2727,3795,"$argon2i$v=19$m=16,t=2,p=1$bGFiVFNkNkl6YldhMEZ2Mg$KoO4yuR++bGwD7EviELL+Q"
4348,MOHAME HABIB PHARMAMED LTD,RETAIL,PPB/M/9639,Status: REVOKED,Mjg1OTE=,Sally,Musembi,sally.musembi3@gmail.com,,2544,2728,3796,"$argon2i$v=19$m=16,t=2,p=1$bGFiVFNkNkl6YldhMEZ2Mg$KoO4yuR++bGwD7EviELL+Q"
6075,SIDEHILL PHARMACY,RETAIL,PPB/S/8991,Status: Active,MjY4MTY=,Charity,Baraza,charity.baraza68@gmail.com,,2545,2729,3797,"$argon2i$v=19$m=16,t=2,p=1$bGFiVFNkNkl6YldhMEZ2Mg$KoO4yuR++bGwD7EviELL+Q"
5299,PHOGRETA PHARMACEUTICALS LIMITED,RETAIL,PPB/P/4868,Status: Active,MjkyNjc=,Nzioka,Kurui,nzioka.kurui79@gmail.com,,2546,2730,3798,"$argon2i$v=19$m=16,t=2,p=1$bGFiVFNkNkl6YldhMEZ2Mg$KoO4yuR++bGwD7EviELL+Q"
7128,YACKOS CHEMIST KAKAMEGA,RETAIL,PPB/Y/69,Status: Active,Mjk4MTY=,Immaculate,Wesonga,immaculate.wesonga91@gmail.com,,2547,2731,3799,"$argon2i$v=19$m=16,t=2,p=1$bGFiVFNkNkl6YldhMEZ2Mg$KoO4yuR++bGwD7EviELL+Q"
3452,LEE PHARMACEUTICALS,RETAIL,PPB/L/928,Status: Active,MjY0NDY=,Mutuku,Naliaka,mutuku.naliaka9@gmail.com,,2548,2732,3800,"$argon2i$v=19$m=16,t=2,p=1$bGFiVFNkNkl6YldhMEZ2Mg$KoO4yuR++bGwD7EviELL+Q"
4895,NYABORO PHARMACY,RETAIL,PPB/N/1545,Status: Active,MjkyOTA=,Rita,Kenga,rita.kenga92@gmail.com,,2549,2733,3801,"$argon2i$v=19$m=16,t=2,p=1$bGFiVFNkNkl6YldhMEZ2Mg$KoO4yuR++bGwD7EviELL+Q"
6703,TREVYION ENTERPRISE  LIMITED-ELDORET,RETAIL,PPB/T/5847,Status: Active,MzA1Nzk=,Wambugu,Toroitich,wambugu.toroitich33@gmail.com,,2550,2734,3802,"$argon2i$v=19$m=16,t=2,p=1$bGFiVFNkNkl6YldhMEZ2Mg$KoO4yuR++bGwD7EviELL+Q"
5201,PHARMAPLUS PHARMACEUTICALS LTD- IMAARA MALL,RETAIL,PPB/P/3128,Status: Active,MjgwNDE=,Nyaboke,Kilonzo,nyaboke.kilonzo47@gmail.com,,2551,2735,3803,"$argon2i$v=19$m=16,t=2,p=1$bGFiVFNkNkl6YldhMEZ2Mg$KoO4yuR++bGwD7EviELL+Q"
5214,PHARMAPLUS PHARMACEUTICALS LTD-KERARAPON KAREN,RETAIL,PPB/P/2242,Status: Active,MjcxNzQ=,Elizabeth,Okuku,elizabeth.okuku84@gmail.com,,2552,2736,3804,"$argon2i$v=19$m=16,t=2,p=1$bGFiVFNkNkl6YldhMEZ2Mg$KoO4yuR++bGwD7EviELL+Q"
4834,NJORO MEDIRISE PHARMARCY,RETAIL,PPB/N/1529,Status: Active,MjkxMTY=,Noor,Wabwile,noor.wabwile61@gmail.com,,2553,2737,3805,"$argon2i$v=19$m=16,t=2,p=1$bGFiVFNkNkl6YldhMEZ2Mg$KoO4yuR++bGwD7EviELL+Q"
5595,RIBSOBON PHARMACY LTD-KIMUMU,RETAIL,PPB/R/1374,Status: Active,MzAxNzI=,Phelix,Njeri,phelix.njeri71@gmail.com,,2554,2738,3806,"$argon2i$v=19$m=16,t=2,p=1$bGFiVFNkNkl6YldhMEZ2Mg$KoO4yuR++bGwD7EviELL+Q"
4867,NORTHLINK HEALTH SOLUTIONS,RETAIL,PPB/N/1298,Status: Active,MjczOTM=,Jepkosgei,Wanyoike,jepkosgei.wanyoike82@gmail.com,,2555,2739,3807,"$argon2i$v=19$m=16,t=2,p=1$bGFiVFNkNkl6YldhMEZ2Mg$KoO4yuR++bGwD7EviELL+Q"
6911,VIREM PHARMA PLUS,RETAIL,PPB/V/399,Status: Active,Mjg1MTQ=,Chepkorir,Muhonja,chepkorir.muhonja90@gmail.com,,2556,2740,3808,"$argon2i$v=19$m=16,t=2,p=1$bGFiVFNkNkl6YldhMEZ2Mg$KoO4yuR++bGwD7EviELL+Q"
6932,VONTAN PHARMACY KAKAMEGA,RETAIL,PPB/V/423,Status: Active,Mjk5NjM=,Elosy,Fondo,elosy.fondo31@gmail.com,,2557,2741,3809,"$argon2i$v=19$m=16,t=2,p=1$bGFiVFNkNkl6YldhMEZ2Mg$KoO4yuR++bGwD7EviELL+Q"
3675,LUMWA PHARMACY,RETAIL,PPB/L/9799,Status: Active,MjgwMjY=,Emma,Iminza,emma.iminza24@gmail.com,,2558,2742,3810,"$argon2i$v=19$m=16,t=2,p=1$bGFiVFNkNkl6YldhMEZ2Mg$KoO4yuR++bGwD7EviELL+Q"
5716,ROSEMED CHEMIST,RETAIL,PPB/R/1276,Status: Active,Mjc2NDY=,Hashim,Chacha,hashim.chacha84@gmail.com,,2559,2743,3811,"$argon2i$v=19$m=16,t=2,p=1$bGFiVFNkNkl6YldhMEZ2Mg$KoO4yuR++bGwD7EviELL+Q"
4177,MEGA TIBA CHEMISTS,RETAIL,PPB/M/9536,Status: Active,Mjc1MjU=,Mercy,Ngaruiya,mercy.ngaruiya2@gmail.com,,2560,2744,3812,"$argon2i$v=19$m=16,t=2,p=1$bGFiVFNkNkl6YldhMEZ2Mg$KoO4yuR++bGwD7EviELL+Q"
6971,WANARUONA PHARMACY.,RETAIL,PPB/W/7444,Status: Active,MjkxODA=,Rono,Mitei,rono.mitei20@gmail.com,,2561,2745,3813,"$argon2i$v=19$m=16,t=2,p=1$bGFiVFNkNkl6YldhMEZ2Mg$KoO4yuR++bGwD7EviELL+Q"
6278,STAWI PHARMACY,RETAIL,PPB/S/9213,Status: Active,Mjk5OTM=,Muiruri,Kiboi,muiruri.kiboi81@gmail.com,,2562,2746,3814,"$argon2i$v=19$m=16,t=2,p=1$bGFiVFNkNkl6YldhMEZ2Mg$KoO4yuR++bGwD7EviELL+Q"
3471,LELITA PHARMACEUTICAL LTD,RETAIL,PPB/L/9835,Status: Active,MjkxMjA=,Eliud,Kalekye,eliud.kalekye7@gmail.com,,2563,2747,3815,"$argon2i$v=19$m=16,t=2,p=1$bGFiVFNkNkl6YldhMEZ2Mg$KoO4yuR++bGwD7EviELL+Q"
5971,SEMULAR PHARMACY,RETAIL,PPB/S/1755,Status: Active,MjYyNzQ=,Laura,Mwololo,laura.mwololo45@gmail.com,,2564,2748,3816,"$argon2i$v=19$m=16,t=2,p=1$bGFiVFNkNkl6YldhMEZ2Mg$KoO4yuR++bGwD7EviELL+Q"
7129,YAFE PHARMCARE,RETAIL,PPB/Y/65,Status: Active,MjgxMjQ=,Abdirahman,Ombati,abdirahman.ombati72@gmail.com,,2565,2749,3817,"$argon2i$v=19$m=16,t=2,p=1$bGFiVFNkNkl6YldhMEZ2Mg$KoO4yuR++bGwD7EviELL+Q"
5923,SARAM PHARMACY LIMITED,RETAIL,PPB/S/1770,Status: Active,MjY0NzA=,Njoroge,Muthoka,njoroge.muthoka71@gmail.com,,2566,2750,3818,"$argon2i$v=19$m=16,t=2,p=1$bGFiVFNkNkl6YldhMEZ2Mg$KoO4yuR++bGwD7EviELL+Q"
4646,NAYAH PHARMACY,RETAIL,PPB/N/1567,Status: Active,Mjk4MDQ=,Douglas,Kipkosgei,douglas.kipkosgei55@gmail.com,,2567,2751,3819,"$argon2i$v=19$m=16,t=2,p=1$bGFiVFNkNkl6YldhMEZ2Mg$KoO4yuR++bGwD7EviELL+Q"
5314,PINMARK CHEMIST,RETAIL,PPB/P/4852,Status: Active,Mjg4NTk=,Debora,Koome,debora.koome71@gmail.com,,2568,2752,3820,"$argon2i$v=19$m=16,t=2,p=1$bGFiVFNkNkl6YldhMEZ2Mg$KoO4yuR++bGwD7EviELL+Q"
6697,TREASURE LIFE PHARMACY LTD,RETAIL,PPB/T/5804,Status: Active,Mjk1NzU=,Aftin,Gichana,aftin.gichana11@gmail.com,,2569,2753,3821,"$argon2i$v=19$m=16,t=2,p=1$bGFiVFNkNkl6YldhMEZ2Mg$KoO4yuR++bGwD7EviELL+Q"
5111,PECCA PHARMACY,RETAIL,PPB/P/4835,Status: Active,Mjg0Nzk=,Belinda,Munene,belinda.munene50@gmail.com,,2570,2754,3822,"$argon2i$v=19$m=16,t=2,p=1$bGFiVFNkNkl6YldhMEZ2Mg$KoO4yuR++bGwD7EviELL+Q"
6690,TRANSPAN CHEMIST - PRIME,RETAIL,PPB/T/5812,Status: Active,Mjk4MzY=,Kassim,Kithinji,kassim.kithinji76@gmail.com,,2571,2755,3823,"$argon2i$v=19$m=16,t=2,p=1$bGFiVFNkNkl6YldhMEZ2Mg$KoO4yuR++bGwD7EviELL+Q"
5582,REYCS PHARMACEUTICAL LIMITED,RETAIL,PPB/R/1347,Status: Active,MjkzNDc=,Carol,Mitei,carol.mitei25@gmail.com,,2572,2756,3824,"$argon2i$v=19$m=16,t=2,p=1$bGFiVFNkNkl6YldhMEZ2Mg$KoO4yuR++bGwD7EviELL+Q"
4178,MEGACHEM CHEMIST,RETAIL,PPB/M/9636,Status: Active,Mjg1NzI=,Lorna,Muktar,lorna.muktar22@gmail.com,,2573,2757,3825,"$argon2i$v=19$m=16,t=2,p=1$bGFiVFNkNkl6YldhMEZ2Mg$KoO4yuR++bGwD7EviELL+Q"
3683,LUSHVILLE PHARMACY,RETAIL,PPB/L/9878,Status: Active,MzAzOTI=,Mulongo,Kassim,mulongo.kassim61@gmail.com,,2574,2758,3826,"$argon2i$v=19$m=16,t=2,p=1$bGFiVFNkNkl6YldhMEZ2Mg$KoO4yuR++bGwD7EviELL+Q"
6000,SHAMMAH CARE CHEMIST,RETAIL,PPB/S/9037,Status: Active,Mjc0NjU=,Kipyegon,Nyaboke,kipyegon.nyaboke6@gmail.com,,2575,2759,3827,"$argon2i$v=19$m=16,t=2,p=1$bGFiVFNkNkl6YldhMEZ2Mg$KoO4yuR++bGwD7EviELL+Q"
6652,TOUCHSTONE PHARMACEUTICALS LTD- BROADWALK,RETAIL,PPB/T/5802,Status: Active,Mjk1NTg=,Obed,Wawire,obed.wawire96@gmail.com,,2576,2760,3828,"$argon2i$v=19$m=16,t=2,p=1$bGFiVFNkNkl6YldhMEZ2Mg$KoO4yuR++bGwD7EviELL+Q"
4908,NYAMASA PHARMACY,RETAIL,PPB/N/1542,Status: Active,MjkyNDg=,Muktar,Kimanthi,muktar.kimanthi32@gmail.com,,2577,2761,3829,"$argon2i$v=19$m=16,t=2,p=1$bGFiVFNkNkl6YldhMEZ2Mg$KoO4yuR++bGwD7EviELL+Q"
5512,RAYCOS ENTERPRISE LTD-SOUTH B,RETAIL,PPB/R/1370,Status: Active,Mjk4OTU=,Gilbert,Barongo,gilbert.barongo97@gmail.com,,2578,2762,3830,"$argon2i$v=19$m=16,t=2,p=1$bGFiVFNkNkl6YldhMEZ2Mg$KoO4yuR++bGwD7EviELL+Q"
4120,MEDLEY TUMAINI CHEMISTS LTD-RDH,RETAIL,PPB/M/9504,Status: Active,MjcyMTg=,Priscilla,Mbuvi,priscilla.mbuvi55@gmail.com,,2579,2763,3831,"$argon2i$v=19$m=16,t=2,p=1$bGFiVFNkNkl6YldhMEZ2Mg$KoO4yuR++bGwD7EviELL+Q"
4513,MVERA PHARMACY KIBARANI,RETAIL,PPB/M/9664,Status: Active,Mjg4Mjg=,Seth,Koech,seth.koech50@gmail.com,,2580,2764,3832,"$argon2i$v=19$m=16,t=2,p=1$bGFiVFNkNkl6YldhMEZ2Mg$KoO4yuR++bGwD7EviELL+Q"
3727,MADHACHO PHARMACY,RETAIL,PPB/M/9666,Status: Active,Mjg4NDY=,Sheila,Maranga,sheila.maranga10@gmail.com,,2581,2765,3833,"$argon2i$v=19$m=16,t=2,p=1$bGFiVFNkNkl6YldhMEZ2Mg$KoO4yuR++bGwD7EviELL+Q"
6735,TRUE WORTH PHARMACY LTD,RETAIL,PPB/T/5820,Status: Active,MzAwMTk=,Mukami,Wangeci,mukami.wangeci60@gmail.com,,2582,2766,3834,"$argon2i$v=19$m=16,t=2,p=1$bGFiVFNkNkl6YldhMEZ2Mg$KoO4yuR++bGwD7EviELL+Q"
6502,THE DEWLAND PHARMACY,RETAIL,PPB/T/5775,Status: Active,Mjg5MTE=,Fred,Muraguri,fred.muraguri99@gmail.com,,2583,2767,3835,"$argon2i$v=19$m=16,t=2,p=1$bGFiVFNkNkl6YldhMEZ2Mg$KoO4yuR++bGwD7EviELL+Q"
6431,TARBUSH,RETAIL,PPB/T/5805,Status: Active,Mjk1Nzk=,Milcah,Murugi,milcah.murugi23@gmail.com,,2584,2768,3836,"$argon2i$v=19$m=16,t=2,p=1$bGFiVFNkNkl6YldhMEZ2Mg$KoO4yuR++bGwD7EviELL+Q"
7162,ZANEPHARM CHEMIST,RETAIL,PPB/Z/1315,Status: Active,Mjk1NDg=,Laban,Maritim,laban.maritim13@gmail.com,,2585,2769,3837,"$argon2i$v=19$m=16,t=2,p=1$bGFiVFNkNkl6YldhMEZ2Mg$KoO4yuR++bGwD7EviELL+Q"
3606,LIVAI CHEMIST,RETAIL,PPB/L/9769,Status: Active,MjcxNDI=,Jonathan,Korir,jonathan.korir76@gmail.com,,2586,2770,3838,"$argon2i$v=19$m=16,t=2,p=1$bGFiVFNkNkl6YldhMEZ2Mg$KoO4yuR++bGwD7EviELL+Q"
3709,MAASUSWA CHEMISTS,RETAIL,PPB/M/9473,Status: Active,MjY5MTU=,Magdalene,Kabui,magdalene.kabui2@gmail.com,,2587,2771,3839,"$argon2i$v=19$m=16,t=2,p=1$bGFiVFNkNkl6YldhMEZ2Mg$KoO4yuR++bGwD7EviELL+Q"
3748,MAINSTREET PHARMACY,RETAIL,PPB/M/9782,Status: Active,MzA0ODc=,Jepkoech,Muriungi,jepkoech.muriungi20@gmail.com,,2588,2772,3840,"$argon2i$v=19$m=16,t=2,p=1$bGFiVFNkNkl6YldhMEZ2Mg$KoO4yuR++bGwD7EviELL+Q"
5009,ONECHEM PHARMACY LIMITED,RETAIL,PPB/O/1064,Status: Active,MjcxNTM=,Melvine,Ramadhan,melvine.ramadhan32@gmail.com,,2589,2773,3841,"$argon2i$v=19$m=16,t=2,p=1$bGFiVFNkNkl6YldhMEZ2Mg$KoO4yuR++bGwD7EviELL+Q"
5633,RITE DRUG  CHEMIST,RETAIL,PPB/R/1361,Status: Active,Mjk3MDY=,Hashim,Peter,hashim.peter84@gmail.com,,2590,2774,3842,"$argon2i$v=19$m=16,t=2,p=1$bGFiVFNkNkl6YldhMEZ2Mg$KoO4yuR++bGwD7EviELL+Q"
4502,MUSEO SOLUTIONS PHARMACY,RETAIL,PPB/M/9741,Status: Active,Mjk3MDA=,Lorine,Ndunge,lorine.ndunge25@gmail.com,,2591,2775,3843,"$argon2i$v=19$m=16,t=2,p=1$bGFiVFNkNkl6YldhMEZ2Mg$KoO4yuR++bGwD7EviELL+Q"
5767,RUNPHARM CHEMIST,RETAIL,PPB/R/1255,Status: Active,MjcyMDc=,Michael,Atieno,michael.atieno85@gmail.com,,2592,2776,3844,"$argon2i$v=19$m=16,t=2,p=1$bGFiVFNkNkl6YldhMEZ2Mg$KoO4yuR++bGwD7EviELL+Q"
3837,MANGAPHARM ATHI CHEMIST,RETAIL,PPB/M/9633,Status: Active,Mjg1NTM=,Maria,Mboya,maria.mboya26@gmail.com,,2593,2777,3845,"$argon2i$v=19$m=16,t=2,p=1$bGFiVFNkNkl6YldhMEZ2Mg$KoO4yuR++bGwD7EviELL+Q"
4739,NEWBIRTH CHEMIST,RETAIL,PPB/N/1539,Status: Active,MjkyMDc=,Alvin,Mulongo,alvin.mulongo41@gmail.com,,2594,2778,3846,"$argon2i$v=19$m=16,t=2,p=1$bGFiVFNkNkl6YldhMEZ2Mg$KoO4yuR++bGwD7EviELL+Q"
3617,LIYOH PHARMACY,RETAIL,PPB/L/9855,Status: Active,Mjk3MjQ=,Samwel,Mulongo,samwel.mulongo88@gmail.com,,2595,2779,3847,"$argon2i$v=19$m=16,t=2,p=1$bGFiVFNkNkl6YldhMEZ2Mg$KoO4yuR++bGwD7EviELL+Q"
5212,PHARMAPLUS PHARMACEUTICALS LTD-CHAKA,RETAIL,PPB/P/4889,Status: Active,Mjk3MzQ=,Brian,Chepkirui,brian.chepkirui58@gmail.com,,2596,2780,3848,"$argon2i$v=19$m=16,t=2,p=1$bGFiVFNkNkl6YldhMEZ2Mg$KoO4yuR++bGwD7EviELL+Q"
5529,REENLAND PHARMACY LIMITED,RETAIL,PPB/R/1280,Status: Active,Mjc3Mjk=,Brigid,Mzungu,brigid.mzungu89@gmail.com,,2597,2781,3849,"$argon2i$v=19$m=16,t=2,p=1$bGFiVFNkNkl6YldhMEZ2Mg$KoO4yuR++bGwD7EviELL+Q"
6594,TIGRIS PHARMACY,RETAIL,PPB/T/5707,Status: Active,MjczMTY=,Godwin,Ombui,godwin.ombui56@gmail.com,,2598,2782,3850,"$argon2i$v=19$m=16,t=2,p=1$bGFiVFNkNkl6YldhMEZ2Mg$KoO4yuR++bGwD7EviELL+Q"
5868,SAMANI PHARNACEUTICALS LIMITED,RETAIL,PPB/S/9016,Status: Active,MjcyMTQ=,Collins,Wangai,collins.wangai90@gmail.com,,2599,2783,3851,"$argon2i$v=19$m=16,t=2,p=1$bGFiVFNkNkl6YldhMEZ2Mg$KoO4yuR++bGwD7EviELL+Q"
5808,SAGANA- SMARTLINK PHARMACEUTICALS,RETAIL,PPB/S/9189,Status: Active,Mjk2Nzg=,Ryan,Orina,ryan.orina55@gmail.com,,2600,2784,3852,"$argon2i$v=19$m=16,t=2,p=1$bGFiVFNkNkl6YldhMEZ2Mg$KoO4yuR++bGwD7EviELL+Q"
5990,SHAHEAL PHARMACY,RETAIL,PPB/S/9210,Status: Active,Mjk5NjE=,Tyson,Simiyu,tyson.simiyu79@gmail.com,,2601,2785,3853,"$argon2i$v=19$m=16,t=2,p=1$bGFiVFNkNkl6YldhMEZ2Mg$KoO4yuR++bGwD7EviELL+Q"
3810,MALINDI AMAZ PHARMACY,RETAIL,PPB/M/9730,Status: Active,Mjk1OTM=,Hope,Kamau,hope.kamau24@gmail.com,,2602,2786,3854,"$argon2i$v=19$m=16,t=2,p=1$bGFiVFNkNkl6YldhMEZ2Mg$KoO4yuR++bGwD7EviELL+Q"
4762,NICEHEAL PHARMACY-MWIKI,RETAIL,PPB/N/1488,Status: Active,Mjc4NTU=,Dismas,Gathogo,dismas.gathogo7@gmail.com,,2603,2787,3855,"$argon2i$v=19$m=16,t=2,p=1$bGFiVFNkNkl6YldhMEZ2Mg$KoO4yuR++bGwD7EviELL+Q"
4431,MUANJU PHARMACEUTICAL LIMITED,RETAIL,PPB/M/9503,Status: Active,MjcyMTc=,Steven,Muchangi,steven.muchangi94@gmail.com,,2604,2788,3856,"$argon2i$v=19$m=16,t=2,p=1$bGFiVFNkNkl6YldhMEZ2Mg$KoO4yuR++bGwD7EviELL+Q"
4407,MOUBIET INVESTMENT,RETAIL,PPB/M/9724,Status: Active,Mjk1MDE=,Masinde,Mwongela,masinde.mwongela47@gmail.com,,2605,2789,3857,"$argon2i$v=19$m=16,t=2,p=1$bGFiVFNkNkl6YldhMEZ2Mg$KoO4yuR++bGwD7EviELL+Q"
4490,MURENO PHARMCHEM,RETAIL,PPB/M/9700,Status: Active,MjkyNDM=,Mueni,Wairimu,mueni.wairimu21@gmail.com,,2606,2790,3858,"$argon2i$v=19$m=16,t=2,p=1$bGFiVFNkNkl6YldhMEZ2Mg$KoO4yuR++bGwD7EviELL+Q"
5255,PHARMATECA CHEMIST LIMITED,RETAIL,PPB/P/2198,Status: Active,MjYyMDE=,Mohammed,Jillo,mohammed.jillo10@gmail.com,,2607,2791,3859,"$argon2i$v=19$m=16,t=2,p=1$bGFiVFNkNkl6YldhMEZ2Mg$KoO4yuR++bGwD7EviELL+Q"
5598,RICKLEODS PHARMACEUTICAL RUAKA,RETAIL,PPB/R/1304,Status: Active,MjgyODQ=,Kimani,Kananu,kimani.kananu60@gmail.com,,2608,2792,3860,"$argon2i$v=19$m=16,t=2,p=1$bGFiVFNkNkl6YldhMEZ2Mg$KoO4yuR++bGwD7EviELL+Q"
6089,SILOR HEALTHCARE SERVICES,RETAIL,PPB/S/9201,Status: Active,Mjk4NDA=,Onyango,Juma,onyango.juma56@gmail.com,,2609,2793,3861,"$argon2i$v=19$m=16,t=2,p=1$bGFiVFNkNkl6YldhMEZ2Mg$KoO4yuR++bGwD7EviELL+Q"
5717,ROSENAH PHARMACY,RETAIL,PPB/R/1254,Status: Active,MjcxNzA=,Omar,Muhumed,omar.muhumed65@gmail.com,,2610,2794,3862,"$argon2i$v=19$m=16,t=2,p=1$bGFiVFNkNkl6YldhMEZ2Mg$KoO4yuR++bGwD7EviELL+Q"
5611,RIELMED GIAKANJA CHEMIST,RETAIL,PPB/R/1318,Status: Active,Mjg2MTc=,Angela,Jeruto,angela.jeruto87@gmail.com,,2611,2795,3863,"$argon2i$v=19$m=16,t=2,p=1$bGFiVFNkNkl6YldhMEZ2Mg$KoO4yuR++bGwD7EviELL+Q"
3579,LINCPHARM CHEMIST,RETAIL,PPB/L/9839,Status: Active,MjkyMTM=,Kemboi,Murigi,kemboi.murigi91@gmail.com,,2612,2796,3864,"$argon2i$v=19$m=16,t=2,p=1$bGFiVFNkNkl6YldhMEZ2Mg$KoO4yuR++bGwD7EviELL+Q"
7095,WINSCARE CHEMIST,RETAIL,PPB/W/7456,Status: Active,Mjk4Nzg=,Penina,Okoth,penina.okoth10@gmail.com,,2613,2797,3865,"$argon2i$v=19$m=16,t=2,p=1$bGFiVFNkNkl6YldhMEZ2Mg$KoO4yuR++bGwD7EviELL+Q"
6793,ULTRACEUTICALS PHARMACY,RETAIL,PPB/U/9502,Status: Active,Mjk5NTM=,Athman,Wangare,athman.wangare84@gmail.com,,2614,2798,3866,"$argon2i$v=19$m=16,t=2,p=1$bGFiVFNkNkl6YldhMEZ2Mg$KoO4yuR++bGwD7EviELL+Q"
6459,TELEPHARMA CHEMIST,RETAIL,PPB/T/5806,Status: Active,Mjk2NTI=,Jemimah,Eregae,jemimah.eregae55@gmail.com,,2615,2799,3867,"$argon2i$v=19$m=16,t=2,p=1$bGFiVFNkNkl6YldhMEZ2Mg$KoO4yuR++bGwD7EviELL+Q"
